approve,slug,title,date,current_buckets,suggested_buckets,suggested_article_type,confidence,rationale,tags
yes,mamdani-city-run-grocery-stores-small-businesses-nyc,Mamdani’s Choice: Support Small Businesses or Open State-Backed Competition,2026-05-13,Governance,Economy;Governance,article,high,"The piece examines the tension between Mayor Mamdani's small-business rhetoric and his plan for state-backed supermarkets, a policy contradiction rooted in economic and governance trade-offs.",City Government
yes,nyc-wooden-water-tanks-architecture-history,New York’s Wooden Water Tanks: A Perfect Fusion of Form and Function,2026-05-12,Transit;Culture,Other,article,high,Architectural and infrastructural history of water tanks; no connection to Ted's civic-policy/public-safety domains.,"Infrastructure, History"
yes,public-sector-unions-city-politics,The Unions and the Cities,2026-05-04,Economy;Governance,Governance,article,high,"A substantive analysis of public-sector union power, political influence, and municipal governance—core governance concern, not primarily about economy or labor relations in isolation.","Labor, City Government"
yes,nyc-government-ai-accountability-discretion,"Government AI, the Road to More Bureaucratic Discretion and Accountability",2026-04-29,Economy;Governance,Governance,article,high,Piece examines how AI tools can reform municipal bureaucracy and administrative decision-making; core governance topic about institutional responsiveness and rule-making.,"Technology, Artifical Intelligence, City Government"
yes,new-yorkers-help-each-other-despite-stereotype,New York's Nameless Knights,2026-04-22,Culture;Transit,Subway;Homelessness,article,medium,A personal essay about a rescue on the subway involving someone experiencing homelessness; touches both transit and social conditions but leans more toward human interest than policy.,"The Spirit of the City, Neighborhood Life, Transit"
yes,nyc-homeless-encampments-spending-81k,"Homeless Encampments, Expenditures and the Evidence We Keep Ignoring",2026-04-16,Homelessness;Governance,Homelessness,article,high,"This is a substantive evidence-based analysis of homelessness policy and encampment resolution strategies; Governance tag is descriptive window-dressing (the piece critiques resource allocation within homelessness services, not broader governance questions).","Homelessness, City Government"
yes,nyc-speed-cameras-road-safety-mamdani-policy,A Road Safety Blueprint for the Mamdani Administration,2026-04-07,Transit;Governance,Traffic enforcement,article,high,"The piece is squarely about speed cameras and automated traffic enforcement as a road safety tool; while it touches governance context, the core subject is traffic enforcement policy and evidence.","Streets, City Government"
yes,new-york-rent-stabilization-law-supreme-court-clash,"Rent Stabilization: What’s Constitutional, Anyway?",2026-03-31,Housing;Governance,Housing;Politics,article,medium,"Primarily about housing regulation and constitutionality, but framed through political/electoral debates and Supreme Court doctrine rather than physical housing itself.","Housing, Federal Government"
yes,navigating-apartment-hunting-rising-rent-in-nyc,It's a Jungle Out There,2026-03-25,Housing;Culture,Housing,article,high,"A personal narrative about the NYC rental market and affordability crisis, grounded in lived experience of apartment-hunting.","Housing, History"
yes,mamdani-rent-freeze-nyc-rent-guidelines-board-explained,Can Mayor Mamdani Freeze the Rent? It’s Complicated,2026-03-18,Housing;Governance,Housing,article,high,Piece focuses on rent stabilization policy and the Rent Guidelines Board's decision-making process; governance context is secondary to the housing-policy substance.,"Housing, City Government"
yes,snow-complaints-staten-island-nyc,For Whom the Plows Come,2026-03-02,Governance;Transit,Governance,article,high,"A 311 data analysis exposing differential city service delivery (snow plowing) across boroughs is fundamentally about governance and resource allocation, not transit or sanitation infrastructure per se.","Sanitation, Infrastructure, City Government"
yes,nyc-trash-removal-cost-mamdani,The Hidden Cost of Trash,2026-03-02,Governance,Housing;Economy,article,high,The piece examines waste-removal costs as a hidden burden on residential landlords and their tenants under a rent-freeze policy—primarily a housing affordability and economics question.,"Sanitation, City Government"
yes,compstat-safestat-public-safety-nyc-mamdani,"CompStat, Meet SafeStat",2026-02-19,Policing;Culture,Public Safety Strategy,article,high,"This is a strategic analysis of how NYC should measure public safety outcomes through a new 'SafeStat' framework, directly addressing public safety measurement and governance innovation.","Police Reform, Where We’re Headed, Neighborhood Life"
yes,mass-engagement-mamdani-nyc,"Mayor Mamdani, Here’s What Mass Engagement Looks Like in Practice",2026-02-10,Governance;Culture,Governance,article,high,"This is a normative piece about democratic engagement mechanisms and mayoral administration strategy, not about a specific public safety, housing, or NYC service domain.","Civic Life, Governance, Neighborhood Life"
yes,zohran-mamdani-technology-innovation-new-york,Technology Transformation Will Make or Break Progressive Governance,2026-01-29,Economy;Governance,Governance,article,high,A substantive policy essay on how municipal government should modernize its institutional capacity and IT infrastructure to deliver on the mayor's agenda.,"Technology, City Government, Artifical Intelligence"
yes,free-observation-decks-new-york,Observation Decks for All New Yorkers,2026-01-28,Culture;Transit,Public Space,article,high,This is an opinion piece about public access to iconic city viewpoints and shared urban amenities—a core Public Space topic about the commons and who gets to enjoy them.,"Neighborhood Life, Infrastructure"
yes,minnesota-ice-alex-pretti-policing,What ICE’s Recklessness Teaches Us About Real Policing,2026-01-27,Immigration;Governance;Policing,Policing;Immigration,article,high,"A critique of ICE's lethal force practices and a call for municipal policing standards, anchored in a specific immigration enforcement death.","Immigration, The Role of the Feds, Police-Community Relations"
yes,children-domestic-violence-acs-family-court,Supporting Children Who Experience Violence at Home,2026-01-16,Health & human services;Criminal courts,Health & human services;Youth,article,high,"Piece focuses on support systems and service gaps for children experiencing domestic violence, centered on Family Court and social services delivery, not criminal prosecution.","Child Welfare, Justice, Law"
yes,mamdani-universal-childcare-policy-questions,"Small Children, Big Looming Policy Questions",2026-01-14,Youth;Governance;Culture,Youth;Governance,article,high,"Policy analysis of Mayor Mamdani's child care expansion strategy, centered on implementation tradeoffs and governance decisions affecting families with young children.","Education, Government Operations, Neighborhood Life"
yes,nyc-grocery-cost-explained,The Real Reasons New Yorkers’ Groceries Cost So Much,2026-01-14,Governance;Housing,Economy,article,high,"The piece analyzes NYC grocery pricing, cost-of-living affordability, and economic policy proposals—core economy topics—not housing or governance.","City Government, City Planning"
yes,mamdani-housing-affordability-new-york,Mamdani’s Affordability Dilemma: The Challenge of Making New York City Housing Less Expensive,2026-01-07,Housing;Governance,Housing,article,high,Focused analysis of housing affordability policy levers and constraints; governance context is secondary to the substantive housing economics.,"Housing, City Government, Government Operations"
yes,revealing-hidden-signals-in-city-hotline-data,Revealing Hidden Signals in City Hotline Data,2026-01-07,Criminal courts;Governance;Economy,Crime Data;Public Safety Strategy,article,high,A research-driven analysis of how hotline data reveals community engagement and trust dynamics following a place-based intervention; primarily about crime reporting patterns and public safety strategy.,"Crime, Justice, Government Operations, Technology"
yes,zohran-mamdani-trump-maduro-nyc,"Mamdani, Like Mayors Before Him, Can Have a Foreign Policy",2026-01-06,Politics;Governance,Politics,article,high,"A piece about mayoral foreign policy posture and electoral/civic leadership, not municipal governance or operations.","Politics, Government Operations, City Government, Foreign Policy"
yes,one-year-into-congestion-pricing-in-new-york-city,"Congestion Pricing, One Year In: A Qualified Success",2026-01-02,Housing;Governance,Traffic enforcement;Transit,article,high,"Data-driven policy assessment of congestion pricing's impacts on traffic, transit revenue, and street management—squarely in Traffic enforcement and Transit domains.","City Planning, Government Operations"
yes,the-future-of-renewable-rikers,What is the Future of ‘Renewable Rikers’ Island?,2025-12-17,Governance;Culture,Rikers & jails;Governance,article,high,Piece analyzes the future of Rikers Island jail complex closure and post-closure land use planning under new mayoral administration.,"City Government, History"
yes,nstat-should-be-key-to-mamdani-public-safety-plan,What Mamdani Can Learn from a de Blasio Administration Safety Innovation,2025-12-10,Policing;Governance,Public Safety Strategy,article,high,The piece evaluates a mayoral public safety policy approach (Department of Community Safety) and advocates for measurement/coordination infrastructure to implement it effectively.,"Safety, policy"
yes,how-mamdani-can-delivery-free-buses-and-subways-too,"How Mamdani Can Deliver Free Buses — and Subways, Too",2025-12-09,Transit;Governance,Subway;Buses,article,high,Core piece about free transit funding mechanisms; Transit is too generic when the subject explicitly covers both subway and bus policy.,"Transit, policy"
yes,new-york-needs-a-smarter-way-to-control-rents,New York City Needs a Smarter Way to Control Rents,2025-12-05,Housing;Culture;Economy,Housing;Economy,article,high,Policy analysis of rent stabilization system balancing tenant affordability against landlord operating costs; core housing-policy and economic-trade-off piece.,"Housing, Neighborhood Life, Economics"
yes,department-of-community-safety-and-universal-childcare-albequerque-new-york,New Mexico: Surprising Proving Ground for Two Big Mamdani Ideas?,2025-11-24,Governance;Youth;Policing,Public Safety Strategy;Youth,article,high,Examines two policy proposals—community safety departments and universal childcare—by analyzing their implementation in New Mexico as a proving ground for Mamdani's NYC agenda.,"Government Operations, Education, Police Reform, City Government"
yes,kathy-hochul-nese-pipeline-empire-wind,A Pipeline to Somewhere,2025-11-19,Governance;Climate,Climate,article,high,"A policy analysis of the tradeoff between a natural gas pipeline permit and offshore wind development, centered on climate and energy strategy.","policy, Environment"
yes,tax-revenue-is-destiny,Tax Revenue is Destiny,2025-11-13,Economy;Governance,Economy;Politics,article,high,"Op-ed analyzing how NYC's fiscal condition constrains Mayor Mamdani's affordability agenda, blending budget/economic policy with electoral politics and mayoral governance.","Economics, Budget"
yes,mamdanis-victory-and-memories-of-dinkins,"Mamdani’s Victory, and Memories of Dinkins’",2025-11-07,Governance;Culture,Politics,article,high,"A reflective piece on electoral shifts and mayoral politics, comparing Dinkins' 1989 breakthrough with Mamdani's 2025 victory—core political analysis, not governance per se.","City Government, The State of the City, History"
yes,how-modern-new-york-city-mayors-meet-the-moment,How Modern Mayors Meet the Moment,2025-11-07,Governance;Culture,Politics,article,high,"Historical analysis of mayoral elections and voter behavior as political choice-making, not a governance/administration piece.","City Government, The State of the City, History"
yes,mamdanis-charter-school-dilemma,Mamdani’s Charter School Dilemma,2025-11-06,Youth;Governance,Youth;Politics,article,medium,"Charter school policy affecting low-income students is primarily a youth/education issue, but the piece's real focus is Mamdani's political positioning and pressure to diverge from Democratic orthodoxy.","Education, What to Do Now, Government Operations"
yes,zohran-mamdani-michelle-wu-and-brandon-johnson,Which Way Mamdani?,2025-11-06,Governance;Politics,Politics,article,high,"A comparative analysis of three progressive mayors' governing approaches and political trajectories—clearly about electoral politics and mayoral governance strategy, not public safety or specific policy domains.","City Government, What to Do Now, Politics, Government Operations"
yes,no-city-for-old-monuments,No City for Old Monuments?,2025-11-06,Culture,Politics,article,medium,"Primarily about how Mayor Mamdani should navigate a contentious cultural-political issue (monument removal); the substance is governance/political positioning, not the aesthetics or history of art itself.","culture, What to Do Now, History"
yes,a-new-era-in-new-york-city-political-history,A New Era in New York City Political History?,2025-11-06,Governance;Culture,Politics,article,high,Historical analysis of mayoral politics and electoral mandate; contextualizes Mamdani's victory within NYC political tradition.,"City Government, The State of the City, History"
yes,mamdani-mailer-and-breslin-bringing-fun-to-new-york-city,"Bringing the Fun Back to Fun City: Mamdani, Mailer and Breslin",2025-10-29,Politics;Governance,Politics,article,high,"This is a piece about electoral politics and campaign strategy, comparing contemporary mayoral candidate Mamdani to historical figures Mailer and Breslin; Governance is overapplied here since the focus is political messaging and candidacy, not administration.","Politics, City Government"
yes,what-came-after-1975-new-york-fiscal-crisis,What Came After ‘Drop Dead’,2025-10-29,Culture;Housing,Governance,article,high,"A historical-analytical piece about NYC's fiscal crisis, federal-city relations, and governance strategy—not primarily about housing policy or culture.","History, City Planning"
yes,new-yorks-next-mayor-must-put-heads-together,New York’s Next Mayor Must Put Heads Together,2025-10-29,Culture;Governance,Politics,article,high,"This is a mayoral-election-year opinion piece about leadership, civic cooperation, and governance philosophy—core Politics territory, not generic Governance.","History, City Government"
yes,move-local-elections-to-even-years,A True Mandate for New York City,2025-10-28,Politics;Governance,Politics,article,high,"A substantive piece about electoral mechanics, voter turnout, and mayoral mandate legitimacy—core political governance issue, not criminal justice or public safety.","Politics, Government Operations"
yes,flip-the-script-and-the-ballot-for-housing,"Flip the Script, and the Ballot, for Housing",2025-10-28,Housing;Governance,Housing,article,high,"Focused on housing affordability and Charter/zoning reform; political context is instrumental to the housing policy argument, not the primary subject.","Housing, City Government"
yes,two-mayoral-debates-are-not-nearly-enough,Two Mayoral Debates: Not Nearly Enough,2025-10-28,Politics;Governance,Politics,article,high,"Editors' critique of mayoral debate coverage and electoral process; substantive politics piece, not governance operations.","Politics, Government Operations"
yes,how-zohran-mamdani-can-get-out-of-the-gifted-and-talented-trap,How Zohran Mamdani Can Get Out of the ‘Gifted & Talented’ Trap,2025-10-24,Youth;Governance,Youth;Politics,article,medium,Piece analyzes gifted education policy and mayoral candidates' positions; primarily about education equity (Youth) but framed as electoral/governance debate (Politics).,"Education, Government Operations"
yes,universal-child-care-could-be-a-seismic-shift-for-new-yorks-children,"Done Right, Universal Child Care Would Be a Seismic Shift for New York’s Children",2025-10-23,Youth;Governance,Youth,article,high,"This is primarily about early childhood education policy and its developmental benefits; while it touches on mayoral campaign politics, the core subject is youth development and education outcomes, not electoral politics.","Education, City Government"
yes,why-isnt-education-at-the-center-of-the-new-york-city-mayoral-race,Why Isn’t Education at the Center of the New York City Mayoral Race?,2025-10-22,Youth;Governance,Youth;Politics,article,medium,A critique of mayoral campaign coverage and education policy priorities; spans youth-focused education issues and electoral/political discourse about mayoral accountability.,"Education, City Government"
yes,the-one-debate-answer-that-spoke-volumes-about-zohran-mamdani,The One Debate Answer that Spoke Volumes about Zohran Mamdani,2025-10-17,Politics;Governance,Politics,article,high,"Analysis of a mayoral candidate's debate performance and campaign promises on rent control, centered on electoral politics and governance accountability rather than housing policy itself.","Politics, Mugged by Reality, City Government"
yes,can-cities-withstand-trumps-assault,Can Cities Withstand Trump’s Assault?,2025-10-17,Governance,Politics;Governance,article,high,"Analysis of federal-municipal fiscal and policy conflict under Trump administration, blending electoral/political context with city budgeting and administrative capacity.","Government Operations, Mugged by Reality, City Government, Federal Government"
yes,john-lindsay-zohran-mamdani-and-how-ambitions-collide-with-reality,"John Lindsay, Zohran Mamdani and How Ambitions Collide with Reality",2025-10-17,Governance;Politics,Politics,article,high,"A historical-comparative analysis of mayoral ambitions and electoral politics, not public safety or governance operations.","Government Operations, Mugged by Reality, Politics, Mamdani"
yes,even-mamdanis-new-york-needs-millionaires,Even Mamdani’s New York Needs Millionaires,2025-10-17,Governance,Economy;Governance,article,high,"Piece analyzes tax policy, fiscal impacts on city services, and wealth migration — core economy and governance concerns, not Mamdani's public safety platform.","Government Operations, Mugged by Reality"
yes,bill-de-blasio-role-model,"Bill de Blasio, Role Model?",2025-10-17,Governance;Politics,Politics,article,high,"A retrospective on de Blasio's mayoralty as a lens for evaluating Mamdani's incoming administration—fundamentally about electoral politics, leadership succession, and legacy assessment.","City Government, Mugged by Reality, Politics"
yes,designing-cities-for-a-sustainable-climate-future,Designing Cities to Go the Distance,2025-10-08,Housing;Culture;Climate,Public Space;Climate,article,high,"Piece examines urban design, walkability, and neighborhood accessibility as climate strategy, using NYC's mid-century planning history (Moses vs. Jacobs) to argue for car-free, compact cities.","City Planning, History, Climate Change"
yes,percy-sutton-eric-adams-and-the-state-of-black-political-power-in-new-york,"Percy Sutton, Eric Adams and the State of Black Political Power in New York",2025-10-03,Race;Governance;Culture,Politics;Race,article,high,Essay analyzing Eric Adams' political exit and the structural decline of Black electoral power in NYC through historical and demographic lenses.,"Race, City Government, History"
yes,new-yorks-housing-crisis-self-inflicted-and-solvable,New York’s Housing Crisis: Self-Inflicted and Solvable,2025-09-17,Housing;Governance;Race,Housing,article,high,"Squarely focused on housing supply, affordability, and policy solutions; Race and Governance tags are secondary framing, not the core subject.","Housing, The State of the City, Inequality, Pouring the Foundation"
yes,a-housing-agenda-for-the-next-mayor,A Housing Agenda for the Next Mayor,2025-09-17,Housing;Governance,Housing,article,high,Forward-looking policy agenda focused exclusively on housing affordability and production; governance context is secondary framing.,"Housing, If I Had a Hammer..., City Government"
yes,teachings-from-tokyo,Teachings from Tokyo,2025-09-17,Housing;Governance,Housing,article,high,"Comparative policy analysis of housing production and affordability in Tokyo vs. NYC; no secondary domain warranted despite governance angle, as the piece's real subject is housing strategy and supply, not city operations broadly.","Housing, If I Had a Hammer..., City Planning, Government Operations"
yes,learning-from-jersey-city,Learning from Jersey City,2025-09-17,Housing;Governance,Housing,article,high,"A comparative analysis of housing production policy and affordability outcomes across Jersey City and NYC—squarely a housing-focused piece with no substantial criminal justice, public safety, or governance-as-structural-reform angle.","Housing, If I Had a Hammer..., City Government"
yes,call-it-gentlefication,Building Neighborhoods on Trust,2025-09-17,Culture;Governance,Housing,article,high,"The piece directly addresses housing development, displacement, affordability strategies, and government intervention in neighborhood housing — core Housing domain concerns.","Neighborhood Life, If I Had a Hammer..., City Government"
yes,the-real-story-of-co-op-city,The Real Story of Co-op City,2025-09-17,Housing;Culture,Housing,article,high,"A historical analysis of how Co-op City was built, focused squarely on affordable housing development and lessons for current policy—no secondary domain warranted.","Housing, Pouring the Foundation, History"
yes,crossing-delancey-one-projects-story,Crossing Delancey: One Project’s Story,2025-09-17,Housing;Culture,Housing,article,high,"A legislator's first-person account of negotiating affordable housing development on the Lower East Side, centered on Essex Crossing and community input—squarely Housing policy, not Culture.","City Planning, If I Had a Hammer..., History, Housing"
yes,learning-from-australias-gun-evolution,"A Different Frontier, a Parallel History",2025-09-10,Culture;Guns,Guns,article,high,"Comparative analysis of gun policy, ownership, and regulation in Australia vs. the U.S.; uses Australia as a case study to examine gun violence and reform possibilities.","History, Modern Evolution: Marketing and Profits, Guns"
yes,a-brief-biography-of-the-second-amendment,A Brief Biography of the Second Amendment,2025-09-10,Culture;Guns;Governance,Guns,article,high,"Constitutional and legal history of the Second Amendment; not about criminal courts or gun violence specifically, but about the interpretation and doctrine of gun rights.","History, Gun Violence, Foundations: The Wild West and the Nation"
yes,one-nation-under-guns,One Nation Under Guns,2025-09-10,Culture;Guns;Governance,Guns,article,high,"Historical examination of American gun ownership and regulation patterns; purely about guns as a social/historical phenomenon, not policing or crime specifically.","History, Gun Violence, Foundations: The Wild West and the Nation"
yes,forging-firearm-folklore,Forging Firearm Folklore,2025-09-10,Guns;Governance;Culture,Guns,article,high,"Historical and cultural analysis of how gun mythology shaped American identity through marketing and narrative, directly addressing the ideological foundations of contemporary gun debates.","Gun Violence, Foundations: The Wild West and the Nation, History"
yes,let-new-york-vote-for-more-housing,Let New York Vote for More Housing,2025-09-08,Housing;Governance,Housing;Politics,article,high,"The piece is fundamentally about a charter revision ballot question on housing policy and the political/electoral mechanics blocking it from voters, spanning both Housing and Politics.","Housing, City Government"
yes,mamdanis-facilitators-frenemiesor-foes,"Mamdani’s Facilitators, Frenemies or Foes",2025-09-03,Governance,Politics,article,high,"This is electoral analysis of a mayoral candidate's agenda and the political forces that will constrain or enable it—classic Politics domain, not Governance.",Government Operations
yes,zohran-mamdanis-uphill-battle-on-public-grocery-stores,Zohran Mamdani’s Uphill Battle on Public Grocery Stores,2025-08-14,Governance,Economy;Governance,article,medium,Primarily about the economic viability and governance challenges of a mayoral policy proposal; secondary angle is municipal competition in the private sector.,City Government
yes,the-catholic-church-at-a-crossroads,New York City's Catholic Church at a Crossroads,2025-08-13,Culture,Other,article,high,"A profile of NYC's Catholic Church leadership and institutional change; touches on immigration policy but centers on religious institution management and succession, not a core Vital City civic-policy domain.","Religion, History"
yes,calling-the-cops-less-often,Calling the Cops Less Often,2025-08-06,Policing;Data;Governance,Crisis response;Public Safety Strategy,article,high,"The piece examines alternative (non-police) response models for quality-of-life calls involving mental illness and homelessness, directly addressing crisis response infrastructure and public safety strategy design.","Police Reform, data, Crime, Quality of Life"
yes,mamdani-needs-a-staffing-plan,Zohran Mamdani Needs a Staffing Plan,2025-08-01,Governance;Politics,Governance,article,high,"A substantive piece about mayoral administration, staffing strategy, and government operations—core governance topic, not electoral politics.","Government Operations, Mamdani, Budget"
yes,siesta-time-new-york,"Siesta Time, New York?",2025-08-01,Governance;Culture,Public Space;Climate,article,medium,"Piece examines how NYC's urban design and work culture could adapt to extreme heat through changes to public space (shade, storefronts, daily rhythms) and energy/emissions reduction.","Quality of Life, History"
yes,how-zohran-mamdani-could-succeed-as-mayor,How Zohran Mamdani Could Succeed as Mayor,2025-08-01,Governance;Politics,Politics,article,high,"This is electoral analysis and mayoral governance strategy; primarily a Politics piece about a candidate and his path to success, not crime/public safety specific.","City Government, Mamdani, Government Operations"
yes,zohran-mamdani-in-the-balance,Zohran Mamdani in the Balance,2025-08-01,Politics;Governance,Politics,article,high,"This is an electoral analysis of a mayoral candidate's policy positions and electability, centered on Politics rather than specific policy domains.","Politics, Mamdani, Government Operations"
yes,beyond-free-buses,Beyond Free Buses,2025-07-31,Transit;Governance;Politics,Buses;Public Safety Strategy,article,medium,Core focus is transit affordability policy and trade-offs; Public Safety Strategy fits because the piece examines mayoral campaign promises and implementation feasibility.,"Transit, What to Do Now, City Government, Mamdani"
yes,government-is-already-in-the-grocery-business,Guess What? Government Is Already in the Grocery Business.,2025-07-31,Governance;Politics;Culture,Economy,article,high,"Core subject is municipal grocery retail and food-access economics, not governance or politics per se—a policy proposal evaluated on its economic merits and feasibility.","City Government, Mamdani, Food and Drink"
yes,adams-abdication-has-new-york-city-at-trumps-mercy,Adams’ Abdication Has New York City at Trump’s Mercy,2025-07-29,Governance,Politics;Immigration,article,high,"This is a political opinion piece about Mayor Adams' abdication of responsibility regarding Trump's immigration enforcement in NYC, touching on sanctuary city policy and federal-local relations.","Government Operations, Decisions, Decisions, Decisions, Corruption"
yes,how-you-yes-you-can-help-new-york-city-thrive,"How You (Yes, You) Can Help New York City Thrive",2025-07-29,Culture;Governance;Health & human services,Other,article,medium,A civic-minded opinion piece about personal responsibility and kindness in public spaces; doesn't fit neatly into Ted's more specific policy domains.,"Neighborhood Life, Government Operations, Public Health"
yes,urban-infrastructure-reexamined,"Urban Infrastructure, Reexamined",2025-07-24,Transit;Housing;Culture,Public Space,article,medium,"Core subject is urban infrastructure systems and public realm; while it mentions transit/housing systems, the piece is fundamentally about civic appreciation and exhibition of how the city functions as a whole, not about policy reform in those specific domains.","Infrastructure, City Planning, culture"
yes,how-small-acts-shape-great-cities,How Small Acts Shape Great Cities,2025-07-24,Governance;Culture;Housing,Public Space,article,high,"Essay about litter, sidewalk cleanliness, and shared civic responsibility for maintaining the urban realm—core Public Space territory.","Sanitation, culture, City Planning"
yes,does-eric-adams-have-a-chance,Does Eric Adams Have a Chance?,2025-07-16,Governance;Other;Culture,Politics,article,high,Electoral analysis comparing two mayoral campaigns and political viability; fundamentally about Adams' reelection prospects and political strategy.,"City Government, Leadership in Crisis, History, Decisions, Decisions, Decisions"
yes,how-to-get-smarter-about-fighting-crime,How to Get Smarter About Fighting Crime,2025-07-10,Criminal courts;Culture;Youth,Public Safety Strategy,article,high,"Piece argues for evidence-based, intellectually rigorous approaches to criminal justice policy—a core Public Safety Strategy concern—using policing and incarceration as concrete examples.","Justice, History, Education"
yes,new-yorks-primary-and-the-power-of-better-election,New York’s Primary and the Power of Better Elections,2025-07-02,Politics;Governance,Politics,article,high,"This is an analysis of electoral reforms and primary election dynamics, squarely within Politics; 'Governance' is overapplied here since the piece focuses on electoral mechanics and voting behavior, not government administration.","Politics, City Government"
yes,how-do-you-solve-a-problem-like-fees-and-fines,How Do You Solve a Problem Like Fees and Fines?,2025-07-01,Criminal courts,Criminal courts;Public Safety Strategy,article,high,"The piece examines fines and fees in criminal case processing (Criminal courts) and evaluates a policy intervention to reform the system (Public Safety Strategy), drawing on research findings.","Justice, Crime"
yes,fifty-years-of-injustice-at-rikers,Fifty Years of Injustice at Rikers,2025-07-01,Rikers & jails;Criminal courts,Rikers & jails,article,high,Historical analysis of conditions and legal battles at Rikers Island; civil litigation context makes Criminal courts inapplicable per Ted's rules.,"Jails, Justice"
yes,mamdani-candidate-today-leader-tomorrow,"Mamdani: Candidate Today, Leader Tomorrow",2025-07-01,Governance;Economy,Politics,article,high,"This is analysis of a mayoral candidate's electoral prospects and governing readiness—core electoral politics, not public safety or governance operations.","Government Operations, Journalism"
yes,the-most-interesting-thing-on-the-ballot-this-fall,The Most Interesting Thing on the Ballot this Fall,2025-06-17,Housing;Governance,Politics,article,high,This is an electoral/political commentary piece evaluating mayoral candidates' policy proposals and the Charter Revision Commission's role in the fall ballot—classic Politics domain work.,"Housing, Decisions, Decisions, Decisions, City Government"
yes,zohran-mamdani-and-andrew-cuomo-arent-as-different-as-you-might-think,Zohran Mamdani and Andrew Cuomo Aren’t as Different as You Might Think,2025-06-16,Politics;Governance,Politics,article,high,"This is an electoral analysis of two mayoral candidates' fiscal proposals and honesty—a core politics piece, not about specific policy domains like Housing or Governance.","Politics, Decisions, Decisions, Decisions, Budget"
yes,everyone-got-cities-wrong,Everyone Got Cities Wrong,2025-06-16,Housing;Governance,Other,article,medium,A broad state-of-cities analysis that doesn't fit Ted's public-safety–centric taxonomy; touches housing/governance tangentially but is fundamentally about urban resilience and economic recovery.,"Urbanism, The State of Gotham, City Planning"
yes,new-yorks-five-political-types,New York’s Five Political Types,2025-06-16,Governance;Politics,Politics,article,high,"A data-driven analysis of NYC voter typologies and political coalitions in the context of the mayoral race—pure electoral politics, not governance operations.","The State of Gotham, Politics, Government Operations"
yes,how-trump-twists-the-uses-of-the-national-guard,How Trump Twists the Uses of the National Guard,2025-06-11,Governance;Politics,Politics;National security,article,medium,"Primarily about Trump's politicized use of National Guard deployment as an immigration/sanctuary-city confrontation (Politics), but the piece's deep historical focus on constitutional power-sharing and the Guard's dual state/federal authority also invokes National security concerns.","Military, Politics"
yes,what-the-mayoral-debate-missed,What the Mayoral Debate Missed,2025-06-05,Politics;Governance,Politics,article,high,"Electoral analysis and mayoral campaign coverage; the piece critiques the debate format and candidates' messaging, not specific public safety or governance policy.","Politics, City Government"
yes,tom-robbins-and-the-slow-death-of-common-civic-cul,Tom Robbins and the Slow Death of Common Civic Culture,2025-05-29,Culture;Economy,Politics,article,medium,"The piece examines declining civic engagement and voter turnout in NYC, framed through the lens of journalism's collapse—a Politics concern, though it's fundamentally a cultural/media critique.","History, Journalism"
yes,ai-and-the-future-of-cities,Avoiding the Jetsons Fallacy: AI and the Future of the City,2025-05-28,Economy;Data,Other,article,medium,Speculative piece on AI's broad urban/economic implications doesn't fit Ted's NYC civic-policy domains; 'Economy' or 'Data' misses the core subject (technology's structural impact on cities).,"Technology, Social Science"
yes,the-truth-about-shootings-in-new-york-city,The Truth About Shootings in New York City,2025-05-08,Guns;Data;Climate,Crime Data;Guns,article,high,"Data-driven analysis debunking misleading gun violence reporting; centers on shooting statistics and trends, not climate.","Gun Violence, data, Climate Change"
yes,can-the-usdot-end-mtas-congestion-pricing-system,Can the U.S. Department of Transportation End the MTA’s Congestion Pricing System?,2025-05-07,Governance;Transit,Traffic enforcement;Governance,article,high,"Congestion pricing is a traffic enforcement/tolling mechanism, but the piece's core subject is federalism and the scope of federal power over state transportation policy—a governance question.","Government Operations, Transportation"
yes,drop-dead-city-review,When New York City Truly Teetered on the Brink,2025-04-30,Culture;Governance,Other,article,medium,"This is a film review/cultural commentary on a documentary about NYC's 1975 fiscal crisis; while it touches on governance history, the piece's primary purpose is to critique and contextualize a cultural work, not to analyze policy or current governance.","culture, History, Government Operations"
yes,trumps-bizarro-new-deal,The Bizarro New Deal: Trump’s Dark Inversion of FDR’s First 100 Days,2025-04-29,Culture;Governance,Politics,article,high,"Opinion/analysis piece comparing Trump's and FDR's presidencies and their divergent impacts on governance and American institutions—core electoral and political discourse, not specific NYC public safety policy.","History, Repercussions, Government Operations"
yes,trumps-executive-orders-have-cities-in-the-crosshairs,Trump’s Executive Orders Have Cities in the Crosshairs,2025-04-29,Governance;Housing,Politics;Governance,article,high,"The piece examines Trump's executive orders as political/federal policy attacks on cities and their governance capacity, with secondary impacts on housing, transit, and social services.","Government Operations, Repercussions, City Planning"
yes,donald-trump-vs-the-rule-of-law-and-new-york-city,"Donald Trump vs. the Rule of Law, and New York City",2025-04-29,Politics;Governance,Politics,article,high,"A sweeping editorial on Trump's constitutional transgressions, federal-state relations, and their implications for NYC governance — fundamentally a politics piece, not a domain-specific public safety or policy analysis.","Politics, Repercussions, Corruption"
yes,what-you-can-do-about-trump,What You Can Do About Trump,2025-04-29,Politics;Economy;Governance,Politics,article,high,"A civic-advice piece about political action and electoral engagement in response to Trump's presidency; purely political in scope, not about NYC public safety or governance.","Politics, Where Do We Go From Here?, Journalism, Government Operations"
yes,is-it-time-for-cities-to-go-it-alone,Is It Time for Cities to Go It Alone?,2025-04-29,Governance;Politics,Politics,article,high,"This is a piece about federal-local political conflict, Trump's anti-urban posture, and the strategic independence of cities—core political economy/governance concerns, but the dominant framing is electoral and political rather than operational city management.","Where Do We Go From Here?, City Government, Politics"
yes,holding-the-center-vital-city-at-three,Holding the Center,2025-04-17,Governance,Politics,editors_note,high,"This is Vital City's third-anniversary statement reflecting on democratic institutions and governance philosophy — an editorial voice piece, not a news article — centered on political leadership and the erosion of institutional norms.","City Government, Setting the Stage"
yes,why-does-everything-cost-so-much,Why Does Everything Cost So Much?,2025-04-16,Economy;Governance,Economy,article,high,"Squarely about cost of living, housing affordability, and economic conditions in NYC; governance framing is secondary to the economic analysis.","Economics, Quality of Life"
yes,how-starbucks-and-other-coffee-shops-spark-entrepreneurship,How Starbucks (and Other Coffee Shops) Spark Entrepreneurship,2025-04-16,Culture;Race,Economy,article,high,"The piece examines how third-place social spaces (coffee shops) catalyze entrepreneurship and economic development in neighborhoods, making Economy the primary domain.","History, Inequality"
yes,echoes-of-1977-shape-2025-mayoral-politics-in-new-york,Echoes of 1977 Shape 2025 Mayoral Politics in New York,2025-04-09,Culture;Politics,Politics,article,high,"Historical analysis of how public safety perceptions shaped past and present mayoral elections; fundamentally about electoral politics and voter coalitions, not public safety policy itself.","History, Politics"
yes,new-yorks-new-subway-map,"From Point A to Point Q, and Beyond",2025-04-09,Culture;Transit,Subway,article,high,"A design and history review of NYC subway maps is fundamentally about the subway system itself, not culture or general history.","History, Transit"
yes,is-there-any-path-to-victory-for-eric-adams-as-an-independent,Is There Any Path to Victory for Eric Adams as an Independent?,2025-04-04,Politics;Governance,Politics,article,high,"Electoral analysis of mayoral candidacy and campaign viability; clearly a Politics piece about electoral math and strategy, not governance operations.","Politics, City Government"
yes,can-new-york-still-build-transformative-infrastructure,Can New York Still Build Transformative Infrastructure?,2025-03-20,Housing;Culture,Governance,article,medium,"A book review examining political/regulatory impediments to large infrastructure projects; primarily a governance piece about decision-making and consensus-building, though housing is tangential.","City Planning, History"
yes,migrants-give-more-than-they-take-to-new-york-citys-economy,"Mayor Adams, Don’t Sell Out New York City’s Economy",2025-03-12,Governance,Economy;Immigration,article,high,"Piece centers on fiscal impact of asylum seekers on NYC's economy and wages, with immigration policy as secondary framing; the core argument is economic, not political or about deportation per se.","Government Operations, Corruption"
yes,andrew-cuomo-sees-a-city-in-crisis-do-new-york-voters,Andrew Cuomo Sees a City in Crisis. Do Voters?,2025-03-06,Politics;Governance,Politics,article,high,"This is a piece about electoral politics and a mayoral campaign announcement; while it references crime/safety rhetoric, the article's core subject is Cuomo's political positioning and candidacy.","Politics, City Government"
yes,editors-note-what-role-should-nonprofits-play-in-cities,What Role Should Nonprofits Play in Cities?,2025-03-04,Governance;Data,Governance,editors_note,high,"This is an editor's note examining the relationship between city government and nonprofit institutions—a core governance piece about institutional accountability and power structures, not data or methodology.","Historical Lessons, City Government, Social Science"
yes,alexis-de-tocqueville-and-the-art-of-association,Alexis de Tocqueville and the Art of Association,2025-03-04,Culture,Other,article,medium,A reflective essay on Tocqueville's ideas about civil associations and their relevance to the modern nonprofit sector—intellectual/historical commentary that doesn't fit Vital City's core public-safety and urban-policy domains.,"Historical Lessons, culture, History"
yes,nonprofits-and-the-city,A Short History of Urban Nonprofits,2025-03-04,Culture,Other,article,high,"A historical essay on the origins and development of urban nonprofits as civic institutions—neither a policy analysis of a specific NYC public safety or governance challenge, nor a data/research methodology piece.","Historical Lessons, culture, History"
yes,the-paradox-of-nonprofit-trustworthiness,The Paradox of Nonprofit Trustworthiness,2025-03-04,Culture;Data,Other,article,medium,A historical analysis of nonprofit sector trust and accountability that doesn't fit cleanly into Ted's public-safety-focused domains; tangentially related to governance but primarily a broader social/institutional piece.,"culture, Historical Lessons, History, Social Science"
yes,the-enduring-power-of-poverty-pimps,The Enduring Power of ‘Poverty Pimps’,2025-03-04,Data;Race,Economy;Race,article,medium,"Historical analysis of War on Poverty programs and the 'poverty pimp' critique; spans economic policy and racial/community dimensions, but doesn't fit cleanly into Ted's public-safety-focused taxonomy.","Historical Lessons, Social Science, Inequality"
yes,how-the-nonprofit-sector-fails-low-income-communities,How the Nonprofit Sector Fails Communities,2025-03-04,Politics;Data,Other,article,high,"A systemic critique of nonprofit sector incentives and funding practices—not about a specific NYC public safety, transit, housing, or governance policy.","The Great Debate, Nonprofit Sector, Social Science"
yes,the-permanent-government-of-new-york-how-the-public-and-nonprofit-sectors-strengthen-the-city,The Permanent Government of New York,2025-03-03,Governance;Politics,Governance,article,high,"This is an insider essay about how public and nonprofit sectors interact structurally and culturally—a core governance piece about institutional dynamics, not electoral politics or a specific policy domain.","The Great Debate, City Government, Nonprofit Management"
yes,rethinking-the-role-of-nonprofits-in-progressive-politics,Rethinking the Role of Nonprofits in Progressive Policy and Urban Governance,2025-03-03,Culture;Governance,Governance;Politics,article,high,"The piece examines the structural role of nonprofits in urban governance and Democratic political strategy, with electoral/political implications as its core argument.","culture, City Government, The Great Debate"
yes,the-trump-administration-poses-a-real-threat-to-nonprofits-in-new-york-and-beyond,Winter Is Coming,2025-03-03,Data;Governance,Governance,article,medium,"Policy analysis of federal funding threats to NYC nonprofits under Trump administration; primarily about government operations and funding mechanisms, though it touches multiple service domains (homelessness, housing, health) without deep dive into any single one.","The Great Debate, Social Science, Government Operations"
yes,service-delivery-is-not-enough-advocacy-should-be-central-to-every-nonprofit,Service Delivery Is Not Enough,2025-03-03,Other;Governance;Politics,Governance,article,medium,"Opinion/analysis piece about nonprofit advocacy's role in policymaking and budget negotiations; primarily a governance/institutional critique, not specific to a public safety sub-domain.","Currents, Government Operations, Nonprofits"
yes,mbas-for-the-public-good-does-getting-a-masters-degree-make-sense-for-nonprofit-professionals,‘MBAs for the Public Good’?,2025-03-03,Other;Youth;Governance,Other,article,high,A personal essay about the value and ROI of graduate degrees (MPAs/MBAs) for nonprofit careers; doesn't map to any of Ted's civic-policy domains.,"Currents, Education, Government Operations"
yes,charter-schools-at-the-crossroads,Charter Schools at the Crossroads,2025-03-03,Other;Youth;Governance,Youth,article,high,This is fundamentally about education policy and student outcomes; Youth is the appropriate domain for K–12 education pieces in Ted's taxonomy.,"Currents, Education, Government Operations"
yes,in-defense-of-social-justice-upheaval-at-nonprofits,In Defense of Social Justice Upheaval,2025-03-03,Other;Culture;Data,Other,article,medium,"A reflective essay on leadership, organizational culture, and generational divides in social justice work—not primarily about NYC policy domains, though it touches on criminal justice infrastructure.","Currents, culture, Social Science"
yes,why-trumps-attempt-to-kill-congestion-pricing-must-fail,Why Trump’s Attempt to Kill Congestion Pricing Must Fail,2025-02-27,Housing;Governance,Traffic enforcement,article,high,"This is a legal/policy analysis of congestion pricing—a traffic enforcement mechanism—not a transit piece; the focus is on the tolling program's legality and effectiveness, not on subway/bus operations.","City Planning, Government Operations"
yes,whats-to-become-of-eric-adams-administration-now,The Hollow City Hall,2025-02-18,Governance,Governance;Politics,article,high,Piece analyzes the collapse of Adams' administration and deputy mayor exodus as a governance and political crisis stemming from his alleged deal with Trump on deportations.,"Government Operations, Corruption"
yes,how-urban-progressives-became-their-own-worst-enemy-lessons-from-new-york,How Urban Progressives Became Their Own Worst Enemy,2025-02-18,Politics;Governance,Politics,article,medium,Book excerpt on progressive governance philosophy and public-sector dysfunction; topical but more broadly political/ideological than NYC-policy-specific.,"Politics, Government Operations"
yes,big-cities-bigger-integrity-problems,"Big Cities, Bigger Integrity Problems",2025-02-11,Governance;Economy,Politics,article,high,"This is a governance-accountability piece focused on corruption, mayoral integrity, and electoral/political systems—core Politics domain, not the generic Governance catch-all.","The Causes, Corruption, Journalism"
yes,whats-race-got-to-do-with-mayor-adams-corruption-scandal,What’s Race Got to Do With It?,2025-02-11,Governance;Race,Politics;Race,article,high,"Examines Eric Adams' corruption charges through the lens of racial disparities in enforcement and standards applied to Black political leaders—a politics and race intersection piece, not primarily about governance machinery.","Governance, Race, Corruption, What It Looks Like Up Close"
yes,how-corrupt-is-new-york-anyway,"How Corrupt Is New York, Anyway?",2025-02-11,Governance,Politics,article,high,"This is an analytical piece about corruption in NYC government and electoral politics, centered on the Adams administration's legal troubles and their impact on the mayoral race—a classic Politics domain fit.","What It Looks Like Up Close, Corruption, Government Operations"
yes,casinos-bring-the-rot-why-gambling-is-fertile-ground-for-corruption,Casinos Bring the Rot,2025-02-11,Governance;Culture,Governance;Politics,article,high,"A policy analysis of corruption risks in casino regulation, centered on government accountability and political decision-making around licensing.","What It Looks Like Up Close, Corruption, History"
yes,the-mayor-and-new-york-city-held-hostage-by-the-trump-administration,The Mayor and New York City Held Hostage,2025-02-11,Politics;Governance,Politics,article,high,Opinion piece on Eric Adams' federal case dismissal and its political implications for mayoral governance and the Trump-Adams relationship.,"What It Looks Like Up Close, Politics, Government Operations"
yes,when-the-cure-for-corruption-is-worse-than-the-disease,When the Cure Is Worse Than the Disease,2025-02-10,Governance;Housing,Governance,article,high,This is fundamentally about the trade-offs between anti-corruption regulation and efficient government operations—a core governance question—using transit/infrastructure as the illustrative case study.,"The Upside — Yes, Really, Corruption, City Planning"
yes,tammany-through-clear-eyes,"Tammany, Through Clear Eyes",2025-02-10,Culture;Governance,Politics,article,high,Historical analysis of political machine governance and its electoral/reform legacy; invoked as context for modern NYC political corruption.,"The Upside — Yes, Really, History, Government Operations"
yes,lessons-about-corruption-from-the-history-of-garbage,"Dirtier Politics, Cleaner Streets?",2025-02-10,Governance;Criminal courts,Politics,article,high,"Piece analyzes corruption in local government and its systemic role in governance—electoral/political context, not criminal prosecution.","The Upside — Yes, Really, Corruption, Justice"
yes,how-hong-kong-emerged-from-the-swamp,How Hong Kong Emerged From the Swamp,2025-02-10,Governance;Culture,Governance,article,high,A historical case study of anti-corruption institutional reform and leadership commitment—core governance subject matter with no NYC-specific public safety angle.,"Cleanup on Aisle 10, Corruption, History"
yes,government-should-harness-the-power-of-ai-to-combat-corruption-while-preserving-managerial-discretion,"Artificial Intelligence, Actual Integrity",2025-02-10,Governance;Criminal courts,Governance,article,high,"A policy-focused piece about using AI to combat municipal corruption and improve government operations, not about criminal prosecution of specific cases.","Cleanup on Aisle 10, Corruption, Prosecution"
yes,running-for-nyc-mayor-through-a-fog,Running for NYC Mayor Through a Fog,2025-02-06,Politics;Governance,Politics,article,high,Electoral analysis of NYC mayoral race dynamics and candidate positioning—core political coverage with no public safety or governance operations focus.,"Politics, Government Operations"
yes,just-the-facts-on-new-york-city-subway-crime,Just the Facts on New York City Subway Crime,2025-01-31,Data;Crime,Crime Data;Subway,article,high,Data-driven analysis of 18 years of subway crime trends and statistics—straightforward Crime Data piece with Subway domain.,"data, Subway Crime, Subway Safety Stories"
yes,training-ai-to-make-cities-more-humane,Jane Jacobs 2.0: Training AI to Make Cities More Humane,2025-01-30,Data;Housing;Economy,Public Space,article,high,"Core subject is analysis of how people use public plazas and urban gathering spaces, directly aligned with Public Space domain.","data, Place, City Planning, Technology"
yes,crime-on-the-ground-and-how-its-experienced,Crime on the Ground — and How It’s Experienced,2025-01-22,Governance;Disorder,Crime Data;Politics,article,high,"Core piece analyzing crime statistics (FBI UCR, NCVS data) and public perception divergence; the politics angle is secondary but real—partisan narratives about crime prevalence in 2024.","Crime, Government Operations, Disorder"
yes,crime-in-context-locally-and-nationally,"Crime in Context, Locally and Nationally",2025-01-22,Data;Crime;Governance,Crime Data,editors_note,high,"This is an editor's synthesis/reflection piece introducing year-end crime-trend commentary, not a standalone article; the focus is analyzing crime statistics and patterns.","What Do We Know?, Crime, Policymakers"
yes,crime-data-is-better-will-americans-pay-attention,Crime Data Is Better. Will Americans Pay Attention?,2025-01-22,Data;Disorder,Crime Data,article,high,"The piece is fundamentally about crime statistics collection, data availability, and public trust in crime data—not disorder itself, which was a misapplied tag.","data, Crime, Disorder, Statistics"
yes,community-violence-intervention-at-a-crossroads,Community Violence Intervention at a Crossroads,2025-01-22,Guns;Criminal courts,Community Violence Intervention,article,high,"This is a state-of-the-field piece about CVI programs, their history, scaling efforts, and current challenges — squarely within the CVI domain; Criminal courts and Guns are Ghost's over-tagging.","Where We Go From Here, Gun Violence, Justice"
yes,clustering-of-gun-violence-the-problem-that-wont-go-away,Clustering of Gun Violence: The Problem That Won’t Go Away,2025-01-22,Data;Guns,Crime Data;Guns,article,high,"Data-driven analysis of shooting statistics and geographic clustering patterns, with policy implications for gun violence reduction.","What Do We Know?, Gun Violence, Crime"
yes,fix-the-subway-not-society,"Fix the Subway, Not Society",2025-01-22,Crime;Culture,Subway;Crime Data,article,high,"Historical analysis of subway crime patterns and policing responses comparing 1964–65 to 2024, grounded in crime statistics and enforcement strategy.","Where We Go From Here, Subway Crime, History"
yes,on-fear-itself-worry-about-crime-has-taken-on-a-life-of-its-own,On Fear Itself,2025-01-22,Politics;Data;Disorder,Crime Data;Politics,article,high,"The piece analyzes the disconnect between public fear of crime and actual crime trends (Crime Data), while examining how political messaging exploits that fear to influence elections (Politics).","Crime, Politics, Social Science, Disorder"
yes,what-can-we-do-about-shoplifting-a-new-urban-plague,The Stubbornness of Sticky Fingers,2025-01-22,Crime;Economy,Crime;Public Space,article,medium,"Core subject is shoplifting (Crime), but the piece's real concern is retail erosion and the death of walkable urban neighborhoods (Public Space), making it a dual-domain piece about crime's effect on the urban realm.","Where We Go From Here, Crime, Technology"
yes,the-bronxs-crime-crisis,The Bronx’s Crime Crisis,2025-01-22,Data;Guns,Crime Data,article,high,"This is a data-driven analysis of crime statistics and trends in the Bronx, comparing year-over-year and multi-year crime figures across the city.","What Do We Know?, Gun Violence, Crime"
yes,broken-windows-politics-disorder-still-matters,Broken Windows Politics,2025-01-22,Policing;Criminal courts;Disorder,Disorder;Public Safety Strategy,article,high,"This is a policy analysis piece about disorder's political salience and progressive prosecutors' electoral losses, centered on broken windows theory and voter perception of antisocial behavior—not criminal courts or prosecution mechanics.","Broken Windows, Crime, Prosecution, Disorder"
yes,the-recovery-from-covid-19-pandemic-gun-violence,The Recovery From COVID-19 Pandemic Gun Violence,2025-01-22,Data;Guns,Crime Data;Guns,article,high,Research-driven analysis of gun violence trends across US cities using longitudinal data; belongs in both Crime Data and Guns domains.,"What Do We Know?, Gun Violence, Crime"
yes,toward-a-new-discipline-macro-criminology,Toward a New Discipline: Macro-Criminology,2025-01-22,Crime;Data,Crime Data;Research,article,high,"Theoretical framework piece about crime statistics and disciplinary methodology, bridging data analysis with research methodology—not about a specific policy or crime type.","Where We Go From Here, Crime, Social Science"
yes,a-new-yorker-mourns-the-conflagrations-engulfing-los-angeles,The Fires This Time,2025-01-14,Culture;Housing,Other,article,medium,"A reflective essay about Los Angeles fires and urban design philosophy; not NYC-focused public safety or policy analysis, so defaults to Other despite architecture/culture themes.","culture, History, City Planning"
yes,new-york-too-much-of-an-undocumented-immigrant-sanctuary-or-not-enough,"New York: Too Much of an Undocumented Immigrant Sanctuary, Or Not Enough?",2025-01-10,Crime;Immigration,Immigration;Politics,article,high,"The piece examines mayoral and City Council policy positions on immigrant sanctuary protections and deportation cooperation—a politically fraught debate between Democratic leaders, not a criminal-justice or crime-focused story.","Crime, Immigration"
yes,the-problem-with-the-criminal-legal-system,The Problem with the ‘Criminal Legal System’,2025-01-02,Culture;Economy,Other,article,medium,"Opinion piece on terminology and messaging strategy in criminal justice discourse, not substantive policy or crime data—neither fits Ted's domains well.","culture, Journalism"
yes,what-has-become-of-hip-hop-landmarks-in-new-york-city,"Once Hotbeds of Hip-Hop, Now Forgotten Spaces",2025-01-02,Culture,Culture;Public Space,article,high,A reflective essay about forgotten hip-hop venues and their physical/urban legacy—primarily cultural history but grounded in the disappearance of specific public spaces in NYC.,"culture, Music & Entertainment, History"
yes,for-new-york-city-crime-trends-a-good-month,"For New York City Crime Trends, A Good Month",2024-12-20,Data;Crime;Governance,Crime Data,article,high,This is a crime statistics and trend analysis piece examining recent NYC crime declines and their possible drivers.,"data, Crime, Government Operations"
yes,can-eric-adams-really-win-a-second-term,Can Adams Really Win a Second Term?,2024-12-17,Politics;Governance,Politics,article,high,"Electoral analysis of a mayoral candidacy; Politics covers elections and electoral viability, not governance operations.","Politics, Government Operations"
yes,the-local-government-staffers-we-need-and-deserve,The Local Government Staffers We Need and Deserve,2024-12-05,Governance;Economy,Governance,article,high,"This is a piece about municipal workforce management, bureaucratic efficiency, and data systems to improve city administration—core governance issues, not economy-focused.","Governance, City Government, Technology"
yes,child-welfare-agencies-should-only-pull-children-from-their-parents-as-a-last-resort,A Child is Dead. The City Must Respond the Right Way.,2024-11-27,Health & human services;Criminal courts,Youth;Health & human services,article,medium,"Primarily about child welfare policy and system reform in response to a child death; criminal prosecution is secondary context, not the policy focus.","Child Welfare, Prosecution"
yes,the-false-promise-of-police-crackdowns-in-new-york-city-roosevelt-island-queens-corridor,The False Promise of Police Crackdowns in New York City,2024-11-26,Policing;Governance,Public Safety Strategy;Policing,article,high,"The piece critiques a specific police enforcement operation as ineffective public safety policy, contrasting reactive crackdowns with data-driven strategy—squarely in Public Safety Strategy with a Policing component.","Police Reform, Quality of Life"
yes,how-does-the-empire-state-strike-back-how-new-york-answers-a-restive-electorate,How Does the Empire State Strike Back?,2024-11-26,Governance,Politics,article,high,"Electoral analysis and Democratic Party strategy in response to Trump's victory and voter realignment — core political commentary, not governance per se.","City Government, State Government"
yes,congestion-pricing-2-tolling-cars-to-enter-central-manhattan-remains-hugely-worthwhile,How Congestion Pricing 2.0 Will Work on the Ground,2024-11-15,Governance;Transit,Traffic enforcement;Transit,article,high,"Congestion pricing is a traffic enforcement / demand-management tool that directly funds transit capital, making it fundamentally about both domains.","Government Operations, Transportation"
yes,why-new-yorkers-in-poverty-need-city-of-yes,Why New Yorkers in Poverty Need City of Yes,2024-11-14,Housing;Governance,Housing,article,high,"Clear policy argument about zoning reform and housing production to address affordability for low-income New Yorkers; Governance tag is secondary framing, not the substantive focus.","Housing, City Government"
yes,calling-real-leaders-the-2025-new-york-city-mayoral-race-is-underway,Calling Real Leaders,2024-11-13,Politics;Governance,Politics,article,high,"Electoral commentary on the 2025 NYC mayoral race, candidates, and voting dynamics—core political analysis, not governance operations.","Politics, Government Operations"
yes,the-truth-about-youth-crime-rates-in-nyc,Are the Kids All Right? The Truth About Youth Crime in NYC,2024-11-07,Data;Youth;Crime,Crime Data;Youth,article,high,"Data-driven analysis of youth crime trends in NYC, examining statistics and challenging media narratives about Raise the Age.","data, Youth, Crime"
yes,movement-new-yorks-long-war-to-take-back-its-streets-from-the-car-excerpt,"If the Trains Don’t Move, Nobody Moves: The Legacy of the NYC Transit Strike of 1966",2024-11-06,Culture;Transit,Subway;Buses,article,high,"Historical account of the 1966 NYC transit strike and its lasting impact on subway and bus policy; explicitly about transit labor and infrastructure, not culture or governance broadly.","culture, History, Transit"
yes,why-opponents-should-say-yes-to-city-of-yes,Why Opponents Should Say Yes to City of Yes,2024-10-22,Governance;Housing,Housing;Politics,article,high,"Substantive policy argument about zoning reform (City of Yes) framed around housing affordability, segregation, and fair housing law—anchored in Housing but with clear Political stakes (Council vote, legal/electoral consequences).","City Government, Housing"
yes,in-praise-of-a-new-manifesto-for-cities,Urbane Means Humane,2024-10-17,Culture;Housing,Public Space,article,medium,"A manifesto-style essay on urbanism, urban design, and city planning as a framework for livability and climate resilience; falls under Public Space rather than the over-applied Culture tag.","culture, History, City Planning"
yes,in-these-streets-reporting-from-the-front-lines-of-inner-city-gun-violence-josiah-bates-review,The Nit and Grit of Street Outreach,2024-10-17,Crime;Economy,Community Violence Intervention;Research,book_review,high,Book review examining street outreach and CVI effectiveness through both narrative and research lens; not a standard article but a critical review of Bates' work.,"Crime, Journalism"
yes,from-plantation-prisons-to-the-modern-era,From Plantation Prisons to the Modern Era,2024-10-16,Rikers & jails;Culture,Rikers & jails,article,high,"Historical analysis of Rikers Island jail conditions, reform efforts, and systemic failures — squarely within the Rikers & jails domain; 'Culture' tag should be dropped as the piece's subject is correctional policy and litigation, not cultural commentary.","Persistent Problems Inside, History, Incarceration."
yes,bruce-western-on-the-impact-of-jail-on-the-lives-of-new-yorkers,Bruce Western on the Impact of Jail on the Lives of New Yorkers,2024-10-16,Rikers & jails;Data,Rikers & jails;Research,interview,high,Interview with prominent sociologist about his research on incarceration's impact on Rikers detainees and their life outcomes post-release.,"Persistent Problems Inside, Crime, Social Science"
yes,what-will-new-york-do-to-answer-decades-of-rape-claims-rikers-rosies,What Will New York Do to Answer Decades of Rape Claims?,2024-10-16,Rikers & jails;Culture,Rikers & jails,article,high,"This is an investigative report about systemic sexual abuse at a Rikers Island women's jail facility, directly covering jail conditions and accountability — 'Culture' is over-applied here.","Persistent Problems Inside, Jails, History"
yes,holding-rikers-officers-accountable-an-almost-impossible-task,Holding Rikers Officers Accountable: An Almost Impossible Task,2024-10-16,Rikers & jails;Criminal courts,Rikers & jails,article,high,"The piece focuses on DOC staff accountability mechanisms, consent decree compliance, and internal discipline procedures at Rikers—a core Rikers & jails domain issue; Criminal courts is inapplicable because this is civil/administrative litigation oversight, not case prosecution or sentencing.","Persistent Problems Inside, Jails, Prosecution"
yes,a-snapshot-of-how-unions-forestall-progress-on-jail-conditions,A Snapshot of How Unions Forestall Progress,2024-10-16,Rikers & jails;Governance,Rikers & jails,article,high,"Piece focuses on jail reform implementation (body cameras) and union resistance within the DOC system; Governance is secondary framing device, not the primary subject.","Persistent Problems Inside, Jails, Governance"
yes,hardship-on-top-of-hardship,Hardship on Top of Hardship,2024-10-16,Criminal courts;Governance;Rikers & jails,Criminal courts;Rikers & jails,report,high,"A research report examining how pretrial detention and court processes affect disadvantaged defendants' housing, employment, health, and substance use outcomes.","Justice, Government Operations, Persistent Problems Inside"
yes,a-culture-of-learning-can-defeat-a-culture-of-violence,A Culture of Learning Can Defeat a Culture of Violence,2024-10-16,Health & human services;Governance,Rikers & jails;Public Safety Strategy,article,high,"Piece focuses on jail condition improvements and violence reduction through organizational learning; primarily about jails, secondarily about safety strategy/implementation.","The Way Forward, Public Health, Government Operations"
yes,improving-conditions-on-rikers-island,Improving Conditions on Rikers Island,2024-10-16,Rikers & jails;Criminal courts,Rikers & jails,article,high,"Focused entirely on conditions, violence, and reform inside Rikers Island jails; criminal courts are not substantively addressed.","How Did It Get This Bad?, Jails, Justice"
yes,the-limits-of-litigation-history-of-federal-oversight-at-rikers,The Limits of Litigation,2024-10-16,Culture;Rikers & jails,Rikers & jails,article,high,"Historical analysis of federal litigation and consent decrees at Rikers; core subject is jail oversight and conditions, not the broader culture or history of the city.","History, Jails, How Did It Get This Bad?"
yes,can-a-receiver-bring-enduring-change-for-the-better,Can A Receiver Bring Enduring Change for the Better?,2024-10-16,Rikers & jails;Governance,Rikers & jails,article,high,"The piece is fundamentally about receivership as a governance mechanism for Rikers Island jails; while it touches on governance strategy, the primary subject is jails operations and reform.","The Way Forward, Jails, Government Operations"
yes,can-eric-adams-govern-without-a-government,Can Eric Adams Govern Without a Government?,2024-10-10,Governance,Politics,article,high,"This is a political analysis of Eric Adams' indictment, federal investigations, and ability to govern—core electoral/political accountability issues, not operational governance or criminal courts.","Governance, Government Operations, City Government, Where Do We Go From Here?"
yes,if-eric-adams-does-not-resign-can-he-be-forced-out-of-office-its-complicated,To Remove a Mayor: Both Too Easy and Too Hard,2024-10-10,Governance;Criminal courts,Politics,article,high,"This is a civics/constitutional analysis of mayoral removal and succession, not a criminal courts piece—it's about political accountability and governance structure, not case processing or prosecution.","Where Do We Go From Here?, Government Operations, Prosecution"
yes,eric-adams-legal-headaches-reforming-new-york-travel-expenses-laws,Flights of Fancy,2024-10-10,Culture;Governance,Politics,article,high,Core subject is Eric Adams' federal indictment and corruption charges—a major political scandal involving a sitting NYC mayor.,"Where Do We Go From Here?, History, Government Operations"
yes,an-architect-dissects-francis-ford-coppolas-passion-project-megalopolis,"Towering, Timely and Trite",2024-10-08,Culture;Governance,Culture,article,high,"A film critic's architectural and thematic analysis of Coppola's 'Megalopolis'—substantive arts criticism, not civic policy.","culture, Government Operations, Film & TV"
yes,the-subway-movie-everyone-should-see-pelham-one-two-three,The Subway Movie Everyone Should See,2024-10-02,Culture,Subway,article,high,"A film criticism piece about a classic subway-set movie; the subject is the subway system and its cultural representation, not film criticism broadly.","culture, Sights and Sounds, Film & TV, History"
yes,what-to-do-about-people-struggling-with-serious-mental-illness-on-the-subway-nyc,Psychosis Under Fluorescent Lights,2024-10-02,Crime;Culture,Mental illness;Subway,article,high,"A first-person reflection on serious mental illness (specifically bipolar disorder) as encountered on NYC subway trains, addressing both the civic function of shared transit space and the safety challenges posed by untreated severe mental illness.","Subway Safety, Solutions for Today and Tomorrow, culture, Subway Crime"
yes,expand-the-reach-of-the-subway-system-a-2125-map,What the System Could Become: A 2125 Map,2024-10-02,Culture;Housing,Subway;Transit,article,high,Visionary piece focused on expanding NYC's subway and commuter rail networks; primarily about Subway infrastructure and planning.,"Dreams of the Future, History, City Planning"
yes,subway-ads-through-the-eras,The Hard Sell to Straphangers,2024-10-02,Culture,Subway,article,high,"A historical look at subway advertising through the eras—fundamentally about the subway system and its material culture, not generically about 'culture' or museums.","culture, Sights and Sounds, History, Museums"
yes,hate-the-mta-beware-the-alternatives,Hate the MTA? Beware the Alternatives,2024-10-02,Governance,Subway;Governance,article,high,Core argument about MTA governance structure and whether municipal control would improve transit outcomes; fundamentally a governance debate about subway operations.,"Solutions for Today and Tomorrow, City Government, State Government"
yes,riding-while-female-a-safer-subway-for-women-too,Riding While Female,2024-10-02,Crime;Race,Subway;Crime Data,article,high,"The piece analyzes sex-based crimes on the subway using statistical data and historical context, combining transit-specific safety concerns with crime data reporting.","What Doesn’t Work, Subway Crime, Gender"
yes,why-are-new-york-transit-expenses-so-high-history-of-politics,The Cost Containment Conundrum,2024-10-02,Transit;Governance,Subway;Politics,article,high,Piece examines MTA subway funding and modernization through the lens of Albany politics and the congestion pricing pause—core transit infrastructure tied to political decision-making.,"What Doesn’t Work, Transit, Budget"
yes,the-public-square-subways,The Public Square,2024-10-02,Subway;Culture,Subway;Traffic enforcement,article,high,Piece examines the subway as political/cultural space and debates congestion pricing's governance and funding implications.,"Why the Trains Matter, culture, History"
yes,waiting-for-the-elevators-mta-long-road-to-accessible-wheelchair-system,Waiting for the Elevators,2024-10-02,Crime;Transit,Subway;Housing,article,medium,"Core subject is subway accessibility and elevator infrastructure; Housing captures the built-environment/infrastructure angle, though this is primarily a Subway piece about ADA compliance and transit equity.","What Doesn’t Work, Subway Crime, Infrastructure"
yes,the-four-forces-that-have-shaped-the-subway-system,The Four Forces That Have Shaped the System,2024-10-02,Subway;Housing;Culture,Subway,article,high,"A historical analysis of New York's subway system expansion plans and the governance/funding forces that shaped actual development—firmly in Subway domain, not the catch-all Transit.","Why the Trains Matter, City Planning, History"
yes,without-a-better-bus-network-the-citys-public-transportation-system-will-fail-people,"The Humble, Indispensable Bus",2024-10-02,Culture;Transit,Buses,article,high,Personal narrative and policy analysis focused specifically on New York City bus network adequacy and ridership; 'Buses' is its own domain distinct from generic Transit.,"What Doesn’t Work, History, Transit"
yes,the-45-minute-city,The 45-Minute City,2024-10-02,Subway;Housing;Governance,Subway;Public Space,article,high,Core argument is that robust subway transit (not just 15-minute walkability) enables citywide opportunity and access to specialized services; secondarily about urban design and the public realm it enables.,"Why the Trains Matter, City Planning, Quality of Life"
yes,eric-adams-scandals-in-context,"Eric Adams’ Scandals, In Historical Context",2024-09-19,Culture;Governance,Politics,article,high,A historical analysis of mayoral corruption scandals and their political consequences—examining how Adams' troubles fit into NYC's broader political legacy.,"What Does It All Mean?, History, Corruption"
yes,whats-missing-in-the-case-against-eric-adams,What's Missing in the Case Against Eric Adams,2024-09-19,Governance,Politics,article,high,"A legal analysis of the federal indictment against Mayor Adams—a political corruption case focused on campaign finance and bribery allegations, not criminal courts procedure or sentencing.","What Does It All Mean?, Corruption, Government Operations"
yes,the-eric-adams-indictment-a-tragedy-in-two-dimensions,The Eric Adams Indictment: A Tragedy in Two Dimensions,2024-09-19,Governance;Politics;Economy,Politics,article,high,"This is an analytical piece about Mayor Adams' indictment framed through political corruption and electoral context, not criminal prosecution or court proceedings.","Governance, Politics, Corruption, Journalism, What Does It All Mean?"
yes,make-design-relevant-again,Make Design Matter Again,2024-09-11,Housing;Culture,Public Space,article,medium,"A reflective essay on the role of design and planning in shaping urban space and city-building, rooted in post-9/11 reconstruction; Public Space (urban design, plazas, walkability, urban realm) is the best fit, though the piece is more of a governance/policy advocacy meditation than a hard news article.","City Planning, History"
yes,gun-violence-prevention-and-the-harm-of-omission,Gun Violence Prevention and the Harm of Omission,2024-09-11,Guns;Criminal courts,Guns;Public Safety Strategy,article,high,"Critiques a public health advisory for omitting evidence on criminal justice interventions for gun violence reduction; primarily about gun violence prevention strategy, secondarily about evidence-based policing/CVI approaches.","Gun Violence, Justice"
yes,crime-rhetoric-vs-crime-realities,Crime Rhetoric vs. Crime Realities,2024-08-22,Governance;Criminal courts,Crime Data;Politics,article,high,"Piece analyzes crime statistics and the disconnect between official rhetoric and data, while also critiquing the mayor's political framing of public safety.","Crime, Quality of Life., Justice"
yes,city-beautiful-city-ugly,"City Beautiful, City Ugly",2024-08-22,Housing;Culture,Public Space,article,medium,"Essay on urban design philosophy, aesthetics, and the built environment's role in shaping civic life and public behavior — fundamentally about the urban realm and public space, not housing policy or culture as discrete subjects.","Place, City Planning, History"
yes,new-york-times-to-new-york-drop-dead,New York Times to New York: Drop Dead,2024-08-14,Culture;Politics;Economy,Politics,article,high,"This is an opinion/analysis piece about the New York Times' decision to stop endorsing in local elections, a matter of electoral politics and civic governance.","culture, Politics, Journalism"
yes,jane-jacobs-would-support-city-of-yes,Jane Jacobs Would Support ‘City of Yes’,2024-08-08,Culture;Housing,Housing;Public Space,article,medium,"Primarily about NYC's City of Yes rezoning initiative and urban planning philosophy, anchored in housing policy but with significant Public Space / urban design implications drawn from Jane Jacobs' work.","History, City Planning"
yes,10-years-after-the-killing-of-eric-garner,"A Decade After Garner's Death, an Explosion of Knowledge — But Limited Progress",2024-07-26,Criminal courts;Policing,Policing;Research,article,high,"A data-driven analysis of how knowledge about police use of force has expanded over a decade, combining research methodology with policing reform assessment.","Crime, Justice, Police-Community Relations"
yes,how-architecture-can-create-community-or-isolation,How Architecture Can Create Community — or Isolation,2024-07-10,Housing;Data,Public Space;Housing,article,high,"The piece examines how architectural design of residential developments creates or inhibits community connection through shared spaces (plazas, courtyards, stoops)—a core Public Space concern—within the context of housing development patterns.","City Planning, Social Science"
yes,gothams-boundless-ingenuity,Gotham’s Boundless Ingenuity,2024-06-26,Housing;Data,Economy,article,high,"A retrospective on NYC's economic resilience and human capital as driver of urban renewal, comparing post-1975 trajectories across cities.","What Makes a Great City Work?, City Planning, Sociology"
yes,whither-the-black-exodus,Whither the Black Exodus?,2024-06-26,Culture;Race,Politics;Race,article,high,"The piece examines Black political power, redistricting history, and electoral representation tied to demographic change—core Politics and Race concerns, not Culture.","What Are We Afraid Of?, History, Race"
yes,postcards-from-the-past,Postcards from the Past,2024-06-26,Culture;Other,Culture,article,high,"A book and exhibition review focused on nostalgia, photography, art, and cultural artifacts with no civic-policy angle.","culture, Etc., History, Museums"
yes,build-more-homes-for-families,Build More Homes for Families,2024-06-26,Culture;Housing,Housing,article,high,Opinion piece analyzing NYC's family housing affordability crisis and the need for larger apartments; squarely a Housing piece with no secondary domain warranted.,"Where Do We Go From Here?, History, Housing"
yes,why-ill-probably-never-leave-new-york-city,Why I’ll (Probably) Never Leave New York City,2024-06-26,Culture;Other;Housing,Other,article,medium,"A personal essay about why the author loves NYC, blending memoir, immigration narrative, and reflections on the city's character—doesn't fit cleanly into Ted's public-safety or civic-policy domains.","culture, Etc., History, City Planning"
yes,when-citizens-rescue-neighborhoods,When Citizens Rescue Neighborhoods,2024-06-26,Crime;Culture,Public Space;Governance,article,medium,"This is fundamentally about community organizing, urban revitalization, and citizen agency in reversing neighborhood decline—best captured by Public Space (urban realm/commons) and Governance (how communities mobilize power and civic institutions respond), not Crime per se.","What Makes a Great City Work?, Crime, Neighborhood Life"
yes,the-cultural-upside-of-a-downturn,The Cultural Upside of a Downturn,2024-06-26,Culture,Economy;Culture,article,medium,"Piece examines how economic downturns (office vacancy, property tax decline, the 'doom loop') paradoxically spur cultural renaissance; centers on economic mechanism but argues culture is the upside.","culture, What Makes a Great City Work?, History"
yes,how-to-make-the-five-boroughs-better-for-parents-and-children,How to Make the Five Boroughs Better for Parents and Children,2024-06-26,Housing;Governance,Housing;Youth,article,medium,"Piece addresses family retention in NYC through housing affordability, childcare, schools, and transit—primarily a Housing/quality-of-life issue with Youth implications, not Governance per se.","Where Do We Go From Here?, Housing, Quality of Life"
yes,our-transit-tomorrow,Our Transit Tomorrow,2024-06-26,Guns;Culture,Transit,article,high,Piece examines how NYC's mass transit system must adapt to post-pandemic work patterns; no criminal justice or gun violence content despite Ghost's erroneous tags.,"Where Do We Go From Here?, Gun Violence, History"
yes,self-esteem-and-the-modern-city,Self-Esteem and the Modern City,2024-06-26,Governance,Other,article,medium,"A personal essay about NYC's intangible cultural appeal and the author's life trajectory; doesn't fit public safety, housing, transit, or other Ted's core policy domains.","What Makes a Great City Work?, City Government, Quality of Life"
yes,the-secret-ingredient-safe-pedestrian-friendly-streets,"The Secret Ingredient: Safe, Pedestrian-Friendly Streets",2024-06-26,Housing;Governance,Public Space,article,high,"The piece centers on street design, pedestrian safety, public realm programming, and community use of urban space—core Public Space concerns; Housing and Governance are Ghost's over-applications here.","Where Do We Go From Here?, City Planning, Quality of Life"
yes,governance-in-the-time-of-congestion,Governance in the Time of Congestion,2024-06-24,Governance;Transit,Traffic enforcement;Governance,article,high,Core subject is congestion pricing policy and the governance failure when the governor overrode the MTA's independent authority; traffic enforcement is the specific policy lever being examined.,"City Government, Infrastructure"
yes,the-titanium-law-of-evaluation,The Titanium Law of Evaluation,2024-06-19,Culture;Criminal courts,Research,article,high,"A methodological piece about research evaluation standards and rigor in criminology, not about criminal courts themselves.","History, Justice"
yes,was-kathy-hochuls-congestion-pricing-calculation-good-or-bad-politics,Was Kathy Hochul’s Congestion Move Good or Bad Politics?,2024-06-13,Politics;Governance,Politics,article,high,"Piece analyzes electoral strategy and swing-district politics around congestion pricing; transportation policy is the vehicle, but the substance is political calculation and House races.","Politics, Government Operations"
yes,how-london-and-stockholm-made-congestion-pricing-politics-work,Congestion Pricing Lessons from London and Stockholm,2024-06-13,Housing;Governance,Traffic enforcement;Transit,article,high,"Congestion pricing is fundamentally a traffic enforcement / demand-management tool, but the article centers on its transit funding and system-wide benefits, making Transit a co-equal domain.","City Planning, Government Operations"
yes,understanding-new-yorks-congestion-pricing-mess,Understanding New York’s Congestion Pricing Mess,2024-06-12,Governance,Traffic enforcement;Governance,article,high,"Congestion pricing is a traffic enforcement / tolling policy, but the piece's core focus is on the political and legal process—how Hochul's pause challenges the separation of powers between legislature and executive—making it a governance story.",City Government
yes,peoples-perception-of-safety-on-subways,"It’s the Subways, Stupid",2024-05-30,Crime;Transit,Subway;Mental illness,article,high,"The piece centers on subway safety, disorder, and mental health crises as the defining public-safety issue for city governance—not crime statistics broadly.","Crime, Transit"
yes,does-nothing-stop-a-bullet-like-a-job,Does Nothing Stop a Bullet Like a Job?,2024-05-16,Policing;Guns;Culture,Guns;Crime Data,article,high,Empirical piece examining the relationship between economic conditions and gun violence using crime research; debunks the anti-poverty-as-gun-violence-solution narrative.,"Safety, Gun Violence, History"
yes,columbia-1968-commencement-address,What is a University For?,2024-05-15,Youth;Culture,Other,speech,medium,A historical commencement address republished as reflection on institutional purpose; doesn't fit NYC civic-policy domains despite education context.,"Education, History"
yes,congestion-pricing-an-explainer,Congestion Pricing: An Explainer,2024-05-01,Governance,Traffic enforcement;Transit,article,high,Congestion pricing is fundamentally a traffic enforcement and transit funding mechanism; this explainer covers the policy mechanics and its impact on both domains.,"What's The Plan?, Government Operations"
yes,the-long-and-winding-road,The Long and Winding Road,2024-05-01,Culture;Housing,Traffic enforcement;Governance,article,high,"Historical and political analysis of congestion pricing in NYC, spanning traffic policy implementation and the political/governance challenges of getting it done.","What's The Plan?, History, City Planning"
yes,invest-in-transit-the-right-way,Invest in Transit the Right Way,2024-05-01,Transit;Governance,Subway;Buses,article,high,"Policy piece on how congestion pricing revenue should be allocated to improve subway and bus service; core subject is transit infrastructure spending, not governance broadly.","What Opportunities Await?, Transit, Budget"
yes,smarter-parking-policy-please,"Smarter Parking Policy, Please",2024-05-01,Housing;Governance,Traffic enforcement;Public Space,article,high,"Piece focuses on parking policy, curb management, and street-space allocation in context of congestion pricing—core traffic enforcement and public space design issues.","What Opportunities Await?, City Planning, Government Operations"
yes,new-yorks-new-housing-deal-a-significant-win-for-tenants,New York’s New Housing Deal: A Significant Win for Tenants,2024-04-30,Governance;Housing,Housing,article,high,"Straightforward analysis of state housing policy and its effects on NYC rents and tenants; no governance meta-commentary, just housing substance.","Quality of Life, Housing"
yes,when-zoning-goes-too-far,When Zoning Goes Too Far,2024-04-29,Housing;Culture,Housing,article,high,"This is fundamentally about zoning policy and housing density restrictions, not culture; the historic/cultural examples are illustrative of the policy argument.","City Planning, History"
yes,understanding-the-new-york-news-subsidy,"Extra, Extra: Understanding the New York News Subsidy",2024-04-25,Governance,Other,article,medium,A policy analysis of state subsidy mechanics for news industry survival—neither a core public safety/civic topic nor a domain-specific issue; belongs in catch-all.,"City Government, State Government"
yes,new-york-needs-remedial-education-in-civic-tech,New York Needs Remedial Education in Civic Tech,2024-04-10,Culture;Youth;Economy,Governance,article,high,"Piece critiques municipal tech strategy and implementation capacity under Mayor Adams; core governance issue about how city agencies deliver services, not education policy itself.","culture, Education, Economics"
yes,data-in-garbage-out,"Data In, Garbage Out",2024-03-27,Data;Economy,Research,article,high,"This is a methodological critique of randomized controlled trials and program evaluation in criminal justice and social policy—fundamentally about research design and evidence quality, not about crime data itself or any specific policy domain.","Beyond False Simplicity, data, Economics"
yes,the-public-square-issue-7,The Public Square,2024-03-27,Rikers & jails;Governance,Rikers & jails;Public Safety Strategy,article,high,"A state-of-the-debate piece on the Rikers closure deadline, jail capacity, and competing public safety approaches among city officials.","Jails, City Government, Setting the Stage"
yes,the-abcs-of-policy-research,The ABCs of Policy Research,2024-03-27,Governance;Data,Research,article,high,"This is a methodological piece about social science research design and evidence generation, not a policy analysis of a specific NYC public safety domain.","Government Operations, Social Science, Beyond False Simplicity"
yes,the-hubris-of-social-scientists,The Hubris of Social Scientists,2024-03-27,Data,Research,article,high,"This is a methodological critique of RCT design and social science epistemology, not a crime-policy piece itself—fits Research rather than Crime Data.","Beyond False Simplicity, Social Science"
yes,why-does-reform-fail,Why Does Reform Fail?,2024-03-27,Crime,Public Safety Strategy,article,high,"A policymaker's reflective essay on why criminal justice reforms succeed or fail, focused on strategy, implementation, and systemic effectiveness rather than a specific crime domain.","Crime, Beyond False Simplicity"
yes,democracy-of-evidence,Democracy of Evidence,2024-03-27,Economy;Data,Research;Data,article,medium,Methodological piece about econometrics and evidence-based policymaking; 'Data' alone is too vague—'Research' better captures the epistemological focus on how we generate and validate causal claims.,"Economics, Social Science, Beyond False Simplicity"
yes,causal-research-more-not-less,"Causal Research: More, Not Less",2024-03-27,Criminal courts,Research,article,high,"This is a methodological essay about the importance of causal research and evidence-based policymaking, not a piece about a specific criminal justice policy or court case.","Justice, The Joy of Incrementalism"
yes,confronting-radical-uncertainty,Confronting Radical Uncertainty,2024-03-27,Data;Criminal courts,Research,article,high,"Methodological critique of social science research and causal inference—not a crime-statistics piece or criminal courts case law, but examination of how we measure and evaluate policy.","Beyond False Simplicity, Social Science, Justice"
yes,the-precautionary-principle,The Precautionary Principle,2024-03-27,Data,Research,article,high,"This is a methodological defense of RCT-based social science research in criminal justice policy; it's about research design and evidence evaluation, not a crime-statistics piece.","The Joy of Incrementalism, Social Science"
yes,how-the-sausage-gets-made-a-primer,How the Sausage Gets Made: A Primer,2024-03-27,Data;Economy,Research,article,high,"This is a methodological primer on social science research approaches and quantitative methods, not a crime-statistics or policy-data piece.","Setting the Stage, Social Science, Technology"
yes,jimmy-breslin-and-the-lost-rhythm-of-new-york,Jimmy Breslin and the Lost Rhythm of New York,2024-03-27,Culture;Other;Economy,Other,article,high,"A retrospective essay on Jimmy Breslin's journalism legacy and the lost craft of newspaper columnistry—not a piece about a specific NYC policy domain, but rather media/cultural history.","culture, Etc., Journalism, History"
yes,when-cant-miss-programs-fail,When ‘Can’t Miss’ Programs Fail,2024-03-27,Data;Governance,Research,article,high,"A methodological critique of evidence-based evaluation practices in social programs, centered on research design and interpretation challenges rather than a specific policy domain.","The Way Forward, Social Science, Government Operations"
yes,its-hard-to-change-people,It’s Hard to Change People,2024-03-27,Data;Criminal courts,Research;Public Safety Strategy,article,high,"Methodological critique of RCTs in crime policy using economic theory to explain why interventions fail—a research/strategy piece, not criminal courts case law.","The Way Forward, Social Science, Justice"
yes,raising-the-bar-and-ending-an-era-of-low-expectations,Raising the Bar: Ending an Era of Low Expectations,2024-03-27,Governance;Politics,Governance,article,medium,A philanthropist's reflection on government decision-making and evidence quality; touches on research methodology and policy design rather than a specific NYC civic issue.,"The Way Forward, Government Operations, Philanthropy"
yes,what-really-drives-policy,What Really Drives Policy?,2024-03-27,Culture;Crime,Public Safety Strategy;Research,article,high,"A methodological essay on evidence-based policymaking in public safety, using crime/policing examples and the author's experience in NYC criminal justice governance to examine why research doesn't drive policy decisions.","The Way Forward, Neighborhood Life, Crime"
yes,the-limits-of-death-star-thinking,The Limits of Death Star Thinking,2024-03-27,Culture,Governance,article,high,"A critique of mechanistic policymaking and government capacity, using civil service and regulatory examples to argue for adaptive systems thinking—core governance analysis.","culture, The Way Forward"
yes,what-is-gold-standard-evidence-anyway,"What Is ‘Gold Standard’ Evidence, Anyway?",2024-03-27,Crime,Research,article,high,"This is a methodology piece about research design and evidence standards in criminal justice evaluation, not about a specific crime policy or criminal justice outcome itself.","Setting the Stage, Crime"
yes,the-world-is-hard-to-change,The World is Hard to Change,2024-03-27,Data,Research,article,high,"A methodological essay about the limits and lessons of social science research and evidence-based policymaking, not focused on a specific NYC policy domain.","Social Science, Setting the Stage"
yes,the-case-for-optimism,The Case for Optimism,2024-03-27,Criminal courts,Research;Public Safety Strategy,article,high,"Methodological essay on the value of randomized controlled trials and causal research in criminal justice policy, not case-specific or court-focused.","The Way Forward, Crime, Justice"
yes,new-york-city-crime-beyond-the-numbers,New York City Crime Beyond the Numbers,2024-03-22,Crime;Data,Crime Data,article,high,A personal essay examining the gap between crime statistics and residents' lived experience of safety; primarily a data-driven analysis of crime trends and perception.,"Crime, Statistics"
yes,what-la-guardia-gave-new-york,What La Guardia Gave New York,2024-03-18,Culture;Governance,Politics,book_review,high,"This is a review of Terry Golway's La Guardia biography that uses historical comparison to examine mayoral leadership and governance philosophy; primarily about politics and political history, not Culture.","culture, History, City Government"
yes,how-the-jail-population-can-be-reduced-safely,What Increases or Decreases the Number of People in Jail,2024-03-12,Data;Rikers & jails,Rikers & jails;Crime Data,data_product,high,"A data-driven analysis of jail population drivers with policy decision points—belongs in Rikers & jails as primary domain, Crime Data secondary, and is a data product not a standard article.","data, Some Policy Solutions, Jails, Incarceration"
yes,could-our-jails-be-a-civic-asset,Could Our Jails Be a Civic Asset?,2024-03-12,Rikers & jails;Criminal courts,Rikers & jails,editors_note,high,"This is an editor's note introducing a special series on jail reform and conditions, not a standard article; the subject is Rikers & jails specifically, not criminal courts.","About This Project, Jails, Justice"
yes,how-long-people-stay-is-the-problem,How Long People Stay is the Problem,2024-03-12,Rikers & jails;Criminal courts;Governance,Rikers & jails;Criminal courts,article,high,"The piece analyzes length of stay in NYC jails as a policy problem, addressing both jail operations (Rikers & jails) and case processing/disposition timelines (Criminal courts), with pragmatic reform recommendations.","Some Policy Solutions, Crime, Jails, Justice, Government Operations"
yes,a-brief-history-of-the-3300-target,"Pick a Number: The Facts and Politics Behind New York City Limiting the Jail Population to 3,300 People",2024-03-12,Governance;Criminal courts,Rikers & jails;Public Safety Strategy,article,high,"This is a substantive piece about jail-population reduction strategy and inter-agency coordination to balance safety with incarceration, written by a former criminal-justice coordinator—core Public Safety Strategy and Rikers & jails content.","Defining the Challenge, Government Operations, Justice"
yes,whats-the-plan,What's the Plan?,2024-03-12,Data;Rikers & jails;Governance,Rikers & jails,article,high,Focused on the status and timeline of the Rikers Island closure plan and borough jail construction; Governance and Data are secondary to the core subject.,"data, Defining the Challenge, Jails, Budget"
yes,the-perils-and-necessity-of-jail-population-forecasting,"It’s Tough to Make Predictions, Especially About the Future",2024-03-12,Criminal courts,Rikers & jails;Crime Data,article,high,"A methodological deep-dive into forecasting jail populations as NYC closes Rikers, grounded in demographic and criminal justice data analysis.","Defining the Challenge, Crime, Justice"
yes,strengthening-supervised-release,Strengthening Supervised Release,2024-03-12,Data;Criminal courts,Criminal courts;Rikers & jails,article,high,Piece analyzes pretrial release rates and supervised release programming as policy levers for reducing jail population and closing Rikers — core criminal courts and jail system concerns.,"Some Policy Solutions, Social Science, Criminal Justice"
yes,new-york-needs-more-than-3300-jail-beds,"New York Needs More Than 3,300 Jail Beds",2024-03-12,Rikers & jails;Governance,Rikers & jails,article,high,"This is a direct analysis of jail capacity planning for NYC's Rikers closure and borough jails project — squarely within the Rikers & jails domain; Governance tag should be dropped as the piece's real subject is jail operations and detention capacity, not governance.","Projecting the Size of the Jail Population — More than Math, Jails, Government Operations"
yes,what-jail-population-projections-tell-you-about-a-governments-aspirations,What Jail Population Projections Tell You About a Government’s Aspirations,2024-03-12,Rikers & jails;Governance,Rikers & jails,article,high,This is a policy analysis about jail capacity planning and population projections — squarely within the Rikers & jails domain; Governance is too generic and dilutes the specific criminal justice infrastructure focus.,"Projecting the Size of the Jail Population — More than Math, Government Operations, Incarceration"
yes,five-myths-about-mayoral-control,Five Myths About Mayoral Control,2024-03-06,Governance;Youth,Governance,article,high,"This is a substantive policy analysis of NYC school governance structures and mayoral authority—a core governance piece, not primarily about youth outcomes or education pedagogy.","City Government, Education"
yes,maricopas-slap-at-alvin-bragg-plays-politics-with-peoples-lives,Maricopa’s Slap at Alvin Bragg Plays Politics With People’s Lives,2024-02-28,Criminal courts;Governance;Politics,Criminal courts;Politics,article,high,"A prosecution and extradition dispute between jurisdictions, framed as a critique of a prosecutor's political decision that undermines criminal justice norms.","Justice, Prosecution, Government Operations, Politics"
yes,all-crime-is-local-and-solutions-must-be-too,"All Crime is Local — Solutions Must Be, Too",2024-02-28,Crime;Health & human services,Crime Data;Public Safety Strategy,article,high,Analysis of crime trends and data (national vs. local disconnect) paired with argument for neighborhood-level policy solutions.,"What’s Driving Trends and What to Do About It, Crime, Public Health"
yes,what-crime-stats-fail-to-show,What Crime Stats Fail to Show,2024-02-28,Crime;Governance,Crime Data,article,high,"A methodological analysis of NYC crime statistics post-pandemic, examining data interpretation and what the numbers do and don't reveal about violent crime trends.","Public Perception and Statistical Realities, Crime, Government Operations"
yes,crime-perceptions-and-reality-in-new-york,The Feeling That Won't Go Away,2024-02-28,Crime;Public Space,Crime Data,article,high,Core piece examining the disconnect between crime statistics and public perception using polling data and official crime numbers.,"Public Perception and Statistical Realities, Crime, Parks"
yes,forecasting-new-york-city-crime-in-2024,Forecasting New York City Crime in 2024,2024-02-28,Crime;Economy,Crime Data,article,high,"A quantitative forecast of NYC crime using statistical modeling (ARIMA) — clearly a Crime Data piece about methodology and prediction, not a broader crime narrative.","What the Future Holds, Crime, Technology"
yes,two-big-thoughts-about-the-steep-crime-drop,Two Big Thoughts About the Steep Crime Drop,2024-02-28,Crime;Culture,Crime Data,article,high,Analysis of national homicide trends and statistical patterns; sociological research on crime causation and retaliation networks.,"What’s Driving Trends and What to Do About It, Crime, History"
yes,homicide-life-in-the-stats,Homicide: Life in the Stats,2024-02-28,Crime;Culture,Crime Data,article,high,"This is a statistical analysis piece about murder trends across U.S. jurisdictions, emphasizing local variation over national aggregate patterns—classic Crime Data content.","Public Perception and Statistical Realities, History, Crime"
yes,a-safer-city-and-nation-with-asterisks,"A Safer City and Nation, With Asterisks",2024-02-28,Criminal courts,Crime Data,editors_note,high,"This is an editorial framing piece introducing a collection of essays on crime trends and data analysis, not a standalone article reporting on a specific crime or justice issue.","Setting the Stage, Crime, Justice"
yes,taking-control-of-new-yorks-budgetary-future,Taking Control of New York’s Budgetary Future,2024-01-26,Governance;Economy,Governance,article,high,A fiscal policy and budget management piece about City Hall and Albany's financial planning and structural spending constraints — core governance.,"Budget, Economics"
yes,why-family-court-cant-be-saved,Why Family Court Can’t Be Saved,2024-01-25,Criminal courts;Culture,Governance,article,medium,"A systemic critique of family court's institutional design and reform/abolition argument; touches justice but is fundamentally about governance structures, not criminal courts or case processing.","Justice, History"
yes,is-family-court-worth-saving,Is Family Court Worth Saving?,2024-01-04,Criminal courts;Data,Criminal courts,article,medium,"A former family court judge argues for reform rather than abolition of family courts; touches on justice system design and child welfare, but family court is civil/administrative, not criminal—consider whether this fits Ted's curation at all.","Justice, Social Science"
yes,history-of-opioids-in-new-york-city,When Gotham Was Heroin's Capital,2023-12-13,Culture;Drugs,Drugs,article,high,"Historical overview of opioid use in NYC; no current policy, intervention, or enforcement angle—purely retrospective narrative about drug epidemiology.","Looking Back, History, Drugs"
yes,the-explosion-of-online-drug-marketplaces,A Narcotics Everything Store,2023-12-13,Governance;Drugs;Economy,Drugs,article,high,A research-driven analysis of how darknet marketplaces facilitate drug sales; Governance and Economy tags are incidental to the core subject of illicit drug distribution.,"The Policy Record, Drugs, Technology"
yes,how-new-york-can-learn-from-the-tobacco-settlement,Spending the Opioid Billions,2023-12-13,Health & human services;Governance;Drugs,Drugs;Health & human services,article,high,Piece analyzes how opioid settlement funds should be allocated based on public health evidence and tobacco settlement lessons—bridging drug-crisis response and health policy.,"Toward Solutions, Public Health, Government Operations, Drugs, City Government, Budget"
yes,learning-from-decriminalization-portland-and-portugal,"Portland, Portugal and the Lessons of Decriminalization",2023-12-13,Governance;Drugs,Drugs;Public Safety Strategy,article,high,A policy analysis of drug decriminalization outcomes that evaluates both the strategy itself and implementation challenges in changing enforcement approaches.,"The Policy Record, Drugs, Government Operations"
yes,the-public-square-issue-6,The Public Square,2023-12-13,Culture;Drugs;Health & human services,Drugs,article,high,"A state-of-the-field overview of drug policy and overdose deaths in NYC; firmly anchored in substance use and public health response, not general culture.","culture, Setting the Stage, Drugs, Public Health"
yes,the-marijuana-reset-new-york-needs,The Marijuana Reset New York Needs,2023-12-13,Drugs;Criminal courts,Drugs,article,high,"Policy analysis of marijuana legalization implementation and enforcement — the subject is drugs regulation and public health, not criminal courts (which handle case processing/sentencing).","Toward Solutions, Drugs, Justice"
yes,the-real-reason-the-weed-market-is-broken,The Real Reason the Weed Market is Broken,2023-12-13,Governance;Drugs,Drugs,article,high,"The piece analyzes why New York's legal cannabis market has failed to compete with illegal sales, focusing on regulatory design and implementation—a drugs-policy analysis, not governance.","The Policy Record, Drugs, Government Operations"
yes,putting-the-humility-back-in-harm-reduction,Putting More Humility in Harm Reduction,2023-12-13,Governance;Health & human services;Drugs,Drugs;Health & human services,article,high,"This is a public health policy piece on harm reduction and drug epidemiology—squarely about Drugs and Health & human services, not Governance.","The Policy Record, Public Health, Drugs"
yes,harm-reduction-save-lives,"Reduce Harm, Save Lives",2023-12-13,Governance;Drugs;Health & human services,Drugs;Health & human services,article,high,Personal narrative advocating harm-reduction drug policy grounded in public health evidence and lived experience; clearly spans drugs policy and health outcomes.,"The Policy Record, Drugs, Public Health"
yes,paving-pathways-to-recovery-for-all,Paving Pathways to Recovery for All,2023-12-13,Data;Health & human services,Drugs;Health & human services,article,high,"Essay on substance use disorder treatment and community support, grounded in addiction professional expertise and NYC overdose data.","Toward Solutions, Social Science, Public Health"
yes,the-drug-war-without-cops,The Drug War Without Cops,2023-12-13,Health & human services;Governance,Drugs;Public Safety Strategy,article,high,"Examines non-enforcement drug-control tools (public health, taxation, regulation) as alternative to criminalization, directly addressing drug policy strategy.","Toward Solutions, Public Health, Government Operations"
yes,the-good-substances-do,Highs and Lows and In-Betweens,2023-12-13,Culture;Drugs,Drugs,article,medium,"A personal essay/memoir reflecting on drug use culture in NYC across decades, emphasizing nuance and pleasure alongside harm—primarily a drugs piece, though it has cultural/historical dimensions that Ted would likely deprioritize.","culture, Setting the Stage, Drugs, History"
yes,e-bike-fires-in-new-york-city,"Hot Food, Burning Buildings, Greedy Companies, Weak Government",2023-11-29,Governance,Public Safety Strategy;Housing,article,medium,Piece critiques city's regulatory and enforcement response to e-bike battery fires as a public safety failure; the inequitable impact on lower-income renters makes Housing relevant as secondary domain.,"Budget, Government Operations"
yes,are-nycs-jails-ungovernable-opening-remarks,Setting the Stage,2023-11-21,Rikers & jails;Governance,Rikers & jails,event_transcript,high,Introductory remarks from a forum on NYC jail governance; event_transcript is the appropriate non-article type for opening remarks at a curated discussion.,"Jails, Government Operations"
yes,fixing-new-york-citys-jails-a-federal-receiver-closing-remarks,Fixing New York City's Jails: A Federal Receiver? (Closing Remarks),2023-11-20,Rikers & jails;Governance,Rikers & jails,panel_transcript,high,"Closing remarks from a panel discussion on jail receivership—clearly a panel_transcript, not an article, focused entirely on Rikers jail conditions and governance structures.","Jails, Government Operations"
yes,fixing-new-york-citys-jails-a-federal-receiver-remarks,Fixing New York City's Jails: A Federal Receiver? (Remarks on Receivership),2023-11-20,Rikers & jails;Governance,Rikers & jails,speech,high,This is a speech explaining receivership as a potential remedy for NYC jail dysfunction; the governance aspect is secondary to the jail-system focus.,"Jails, Federal Government"
yes,unraveling-the-threads-of-americas-gun-culture,Unraveling the Threads of America’s Gun Culture,2023-11-15,Guns;Culture,Guns,article,high,"Historical and cultural analysis of gun ownership trends and their relationship to American identity, crime, and violence—core Guns domain; drop Culture per Ted's rule that it's over-applied.","Gun Violence, culture"
yes,a-one-city-solution,A One City Solution,2023-11-08,Culture,Other,article,medium,A personal essay about interfaith coexistence in NYC during the Israel-Palestine conflict; doesn't fit Ted's public-safety/civic-policy domains despite the NYC focus.,"History, Religion"
yes,stuck-on-utopia-parkway,Stuck on Utopia Parkway,2023-10-18,Economy;Data,Other,article,medium,"A critical essay on utopian city-planning fantasies; touches housing/homelessness but is primarily philosophical critique of tech-billionaire ideology, not NYC-focused policy analysis.","Technology, Social Science"
yes,what-police-can-do-differently-to-save-lives,Cops Are Crucial,2023-09-27,Criminal courts;Policing;Guns,Policing;Guns,article,high,Core argument about police's role in gun violence prevention; not a criminal courts piece (no prosecution/sentencing focus).,"Solving Cases: The System, Police Reform, Gun Violence, Police-Community Relations"
yes,police-management-matters-a-lot,Police Management Matters a Lot,2023-09-27,Criminal courts;Culture;Policing,Policing;Public Safety Strategy,article,high,"The piece argues that police management and leadership drive crime reduction and use-of-force outcomes, spanning both policing operations and broader public safety strategy.","Solving Cases: The System, History, Police Reform"
yes,treat-every-shooting-like-a-homicide,Treat Every Shooting Like a Homicide,2023-09-27,Criminal courts;Guns,Guns;Crime Data,article,high,"The piece analyzes clearance-rate disparities between homicides and nonfatal shootings, arguing for resource allocation to solve all gun crimes—a data-driven policy argument about gun violence investigation.","Solving Cases: The System, Crime, Gun Violence"
yes,what-the-numbers-miss-about-gun-crimes,What the Numbers Miss,2023-09-27,Culture;Crime,Crime Data,article,high,Piece examines how delays and gaps in national crime data collection and reporting impede gun crime prevention—a methodological critique of Crime Data systems.,"Connecting Dots, History, Crime"
yes,when-city-streets-really-are-war-zones,When City Streets Really Are War Zones,2023-09-27,Crime;Culture,Crime Data;Guns,article,high,"Data-driven analysis comparing homicide rates and gun violence across neighborhoods, with emphasis on statistical comparison rather than narrative crime reporting.","Connecting Dots, Crime, History"
yes,making-a-federal-case-out-of-a-local-shooting,Making a Federal Case out of a Local Shooting,2023-09-27,Criminal courts;Governance,Criminal courts;Guns,article,high,Piece explains how federal prosecutors charge shooting cases and compares federal vs. state prosecution outcomes—core criminal courts content with a guns/ammunition enforcement angle.,"Solving Cases: The System, Prosecution, Federal Government"
yes,police-neglect-and-why-many-young-black-men-carry-guns,Arms and the Men,2023-09-27,Criminal courts;Race,Guns;Policing;Race,article,high,"Piece argues that police neglect drives gun carrying among young Black men—combining guns, policing failure, and racial disparity in public safety response.","Solving Cases: The People, Race, Justice"
yes,teach-officers-how-to-listen,Teach Officers How to Listen,2023-09-27,Criminal courts;Policing;Guns,Policing;Guns,article,high,"The piece examines police communication failures and witness cooperation in gun crime investigation, directly addressing police reform and gun violence prevention through improved police-civilian relations.","Solving Cases: The People, Police Reform, Gun Violence"
yes,a-window-into-new-york-citys-pulgueras,Deals and Steals: A Window into New York City’s Pulgueras,2023-09-12,Culture;Economy;Race,Economy,article,high,"This is a descriptive piece about a retail phenomenon (discount outlets selling returned merchandise) in low-income NYC neighborhoods—fundamentally an economic/consumer-behavior story, not primarily about culture or race.","culture, Economics, Inequality"
yes,where-vital-city-is-headed,Vital City 1.5: Ideas to Action,2023-09-07,Policing;Governance,Public Safety Strategy,editors_note,high,"This is Vital City's mission statement / editorial introduction explaining their approach to public safety ideas and implementation, not a reportorial article.","Police Reform, Quality of Life"
yes,age-diversity-in-cities-and-neighborhoods,"We Need More Four-Generation Cities, and Neighborhoods",2023-08-16,Culture,Public Space,article,medium,"An essay about neighborhood composition, age diversity, and urban livability that touches on walkability and community design—more about the public realm than culture per se.","Community, Neighborhood Life"
yes,half-a-century-of-criminal-justice-reform,From Pessimism to Optimism and Back Again: A Half Century of Criminal Justice Reform,2023-08-09,Culture;Criminal courts,Criminal courts;Public Safety Strategy,article,high,"A half-century historical analysis of criminal justice reform movements, tracing shifts in prosecution, incarceration policy, and public safety approaches.","History, Justice"
yes,the-possibilities-and-limitations-of-a-receivership-in-nyc-jails,The Possibilities and Limitations of Receivership for New York City Jails,2023-08-03,Rikers & jails;Criminal courts,Rikers & jails,article,high,"This is a substantive analysis of judicial receivership as a reform mechanism specific to NYC jails, with no criminal courts case-processing content.","Jails, Justice"
yes,michael-oppenheimer-mark-chambers-interview,You Think This Is Hot? A Conversation with Michael Oppenheimer and Mark Chambers,2023-06-28,Climate;Governance,Climate,interview,high,"This is a conversation with climate experts about NYC's heat future and policy adaptation—clearly Climate domain, formatted as an interview, not a standard article.","In Conversation With..., Climate Change, Government Operations"
yes,why-pools-matter,"Water, Water Everywhere",2023-06-28,Culture;Housing,Public Space,article,high,"This is fundamentally about public pools as civic infrastructure and community gathering spaces—a Public Space piece, not Housing; the current Housing tag misses the mark.","Building Blocks, History, City Planning"
yes,the-urban-history-of-ice-cream,Why We Scream: A Conversation with Laura B. Weiss,2023-06-28,Culture,Other,interview,high,A historical conversation about ice cream's cultural role in NYC; falls outside Ted's public-safety-and-civic-policy focus despite NYC framing.,"In Conversation With..., History, Food and Drink"
yes,envisioning-car-free-streets,What Else Streets Can Be,2023-06-28,Housing;Governance,Public Space,article,high,"Piece focuses on reimagining streets as public gathering spaces and urban realm, not housing or governance policy.","Building Blocks, City Planning, Quality of Life"
yes,new-york-handles-garbage-all-wrong,Where Trash Belongs,2023-06-28,Governance,Public Space,article,high,"This is fundamentally about urban streetscape design, waste management infrastructure, and the public realm—how cities integrate essential services into their visual and physical environment.","Building Blocks, Sanitation, Government Operations"
yes,eating-out-a-photo-essay,Eating Out: A Photo Essay,2023-06-28,Culture,Public Space,article,high,"A visual essay documenting how New Yorkers use public space (sidewalks, streets, parks) for dining and community gathering, especially pandemic-era adaptations.","Sights and Sounds, culture, Neighborhood Life"
yes,building-diverse-schools-in-changing-neighborhoods,Building Diverse Schools in Changing Neighborhoods,2023-06-21,Youth;Culture,Youth;Housing,article,medium,"The piece centers on school integration and quality in the context of neighborhood gentrification, touching on youth education (Youth) and housing/demographic change (Housing), though it's fundamentally about education policy rather than Ted's core public-safety domains.","Education, Neighborhood Life"
yes,rikers-hearing-june-2023,"The Rule of Law Applies on Rikers, Too",2023-06-12,Data;Rikers & jails;Criminal courts,Rikers & jails;Criminal courts,article,high,Opinion piece on federal court oversight of Rikers Island jail conditions and potential receivership—clearly centered on jail management and judicial intervention.,"data, Jails, Justice"
yes,dante-ross-and-the-golden-age-of-hip-hop,Willing To Be Lucky: Dante Ross and the Golden Age of Hip-Hop in New York,2023-06-06,Culture,Culture,book_review,high,This is a review of Dante Ross's memoir about hip-hop history and music production—a cultural/entertainment piece with no connection to NYC civic policy or public safety.,"culture, History, Music & Entertainment"
yes,public-safety-and-mental-health,A City of Two One-Track Minds,2023-05-17,Criminal courts,Mental illness;Subway;Public Safety Strategy,article,high,"A civic-policy analysis of competing narratives about subway safety, mental illness, and public order following the Jordan Neely killing — fundamentally about how the city frames its safety and mental health challenges.","Subway Crime, Justice"
yes,invest-in-libraries,Investing in Libraries is Investing in Cities,2023-05-05,Culture;Youth;Governance,Economy;Governance,article,medium,"Primary focus is budget prioritization and municipal fiscal policy; libraries serve as vehicle for discussing public investment strategy, not culture or education per se.","culture, Education, City Government"
yes,why-the-citys-jails-are-broken,What You Don’t Know Will Hurt You,2023-04-27,Rikers & jails;Criminal courts,Rikers & jails,article,high,"Piece focuses squarely on violence, conditions, and governance within NYC jails under federal oversight; Criminal courts is inapplicable here since this is about jail administration and federal monitoring, not case prosecution or sentencing.","Jails, Justice"
yes,sic-the-parking-police-on-the-nypd,Let’s Call the Parking Police on the NYPD,2023-04-20,Culture;Policing;Housing,Policing;Traffic enforcement,article,high,"The piece critiques NYPD parking violations and their impact on public space and traffic safety, fitting squarely into both policing accountability and traffic enforcement domains.","culture, Police Reform, City Planning"
yes,parking-placard-and-license-plate-arrogance,"Parking, Placard and License Plate Arrogance",2023-04-20,Governance,Traffic enforcement;Policing,article,high,"A firsthand account by a former traffic commissioner about parking enforcement against privileged groups (diplomats, press, police), centering on placard abuse and the politics of selective enforcement.","Government Operations, Corruption"
yes,lessons-for-criminal-justice-reformers,Social Control Works: Lessons for Criminal Justice Reformers,2023-03-30,Policing;Criminal courts,Public Safety Strategy;Research,article,high,"A criminologist's evidence-based analysis of what criminal justice reforms actually work, centered on research methodology and policy effectiveness rather than case processing or policing tactics.","Safety, Criminal Justice"
yes,twenty-strategies-for-reducing-crime-in-cities,20 Strategies for Reducing Crime in Cities,2023-03-30,Policing;Culture,Public Safety Strategy,article,high,This is a research-backed overview of evidence-based crime-reduction strategies emphasizing prevention and community strengthening over traditional policing—a classic Public Safety Strategy piece.,"Safety, Crime, History"
yes,how-new-yorks-bail-laws-look-from-the-bench,‘A Confusing Mess’: How New York's Bail Laws Look from the Bench,2023-03-30,Policing;Criminal courts,Criminal courts,article,high,This is a judge's commentary on bail law interpretation and decision-making—core criminal courts domain; the bail reform debate is secondary context.,"Safety, Justice, Crime"
yes,the-role-of-self-control-in-preventing-crime,"To Prevent Crime, Respect the Role of Self-Control",2023-03-30,Policing;Criminal courts,Public Safety Strategy,article,high,"This is a research-informed piece arguing for self-control development as a crime-prevention strategy alongside policing and CVI, not a specific policing or criminal courts story.","Safety, Crime, Justice"
yes,daniel-penny-jordan-neely-and-all-of-us-in-between,"Daniel Penny, Jordan Neely and All of Us In Between",2023-03-30,Policing;Criminal courts,Subway;Mental illness;Crisis response,article,high,"Reflection on the Penny verdict that centers on subway safety, mental health crisis management, and the gap between criminal prosecution and systemic behavioral health responses.","Safety, Subway Crime, Justice"
yes,maintaining-the-built-environment,"Bricks and Mortar, Spirits and Souls",2023-03-28,Housing;Data,Housing;Governance,article,medium,"The piece examines how government's siloed bureaucratic approach to the built environment perpetuates inequity in infrastructure maintenance; Housing captures the built-environment angle, Governance the structural/organizational failure.","Building Blocks, City Planning, Social Science"
yes,how-third-places-promote-cohesion,"Bodegas, Barbershops and the Ties that Bind",2023-03-28,Data;Culture,Public Space;Public Safety Strategy,article,high,"Analyzes how third places (bodegas, barbershops) foster neighborhood cohesion and informal public safety through social infrastructure and community gathering.","Building Blocks, Social Science, Community"
yes,elijah-anderson-interview,The Fault Lines of Race and Place: A Conversation with Elijah Anderson,2023-03-28,Race;Data,Race,interview,high,"A conversation with sociologist Elijah Anderson about race, geography, and urban social dynamics; clearly an interview, not a standard article.","Conversations, Race, Social Science."
yes,rethinking-libraries-in-a-digital-age,Books Are Only the Beginning,2023-03-28,Health & human services;Culture,Health & human services,article,medium,"Libraries as community service hubs for reentry, mental health, and social support; Culture tag is over-applied per Ted's rules—the real substance is service delivery, not cultural institutions per se.","Building Blocks, Community Services, Libraries"
yes,slash-poverty-and-the-rest-will-get-easier,Slash Poverty and the Rest Will Get Easier,2023-03-28,Data;Governance,Public Safety Strategy;Research,article,high,"Evidence-based examination of how social policy (Medicaid, income support) reduces crime and incarceration—a core public safety strategy question grounded in research findings.","Looking Back, Social Science, Government Operations"
yes,the-stains-of-redlining,The Stains of Redlining,2023-03-28,Culture;Race,Race;Housing,article,high,Historical analysis of redlining's racist housing policies and their lasting impact on NYC neighborhoods and wealth accumulation.,"Looking Back, History, Race"
yes,poverty-disadvantage-and-violence,"Poverty, Disadvantage and Violence",2023-03-28,Criminal courts;Data,Crime Data;Research,article,high,"Academic piece examining the empirical relationship between poverty/disadvantage and violence—clearly a research-driven Crime Data analysis, not a Criminal courts piece.","Justice, Social Science"
yes,more-non-profits-fewer-crimes,"Ideas in Action: More Non-Profits, Fewer Crimes",2023-03-28,Criminal courts,Public Safety Strategy,article,high,"Piece examines an alternative crime-prevention approach (nonprofit organizations as social control) vs. traditional policing, grounded in research evidence—core Public Safety Strategy territory.","Building Blocks, Justice"
yes,the-evolution-of-flatbush,The Long View: The Evolution of Flatbush,2023-03-28,Culture;Housing,Housing;Public Space,article,medium,"Primarily a historical account of neighborhood development and urban planning; Housing captures the residential building patterns and development, Public Space captures the evolution of the commercial intersection and public realm.","Looking Back, History, City Planning"
yes,pickup-basketball,The City Game,2023-03-28,Culture,Public Space,article,medium,"A narrative essay about playground basketball culture and community resilience, fitting Public Space (urban commons/gathering spaces) rather than the overapplied Culture tag.","Sights and Sounds, culture, History"
yes,robert-sampson-interview,'Collective Action Can Make a Difference': A Conversation with Robert Sampson,2023-03-28,Data,Research;Crime Data,interview,high,"This is an interview with a leading urban sociologist about his research on collective efficacy, neighborhood effects, disadvantage, and violence—foundational work in crime and community research.","Conversations, Social Science"
yes,measures-of-urban-vitality,Measures of Urban Vitality,2023-03-28,Housing;Governance,Other,anthology,high,"This is a curated collection of perspectives on urban vitality metrics—an anthology/editorial feature, not a reporting article, and the subject is too broad and thematic for any specific Public Safety domain.","Setting the Stage, City Planning, Quality of Life"
yes,the-public-square-march-2023,"The Public Square: Politics, Safety and Common Space",2023-03-28,Crime;Health & human services,Public Space;Politics,article,high,"The piece examines how Mayor Adams is managing public spaces and collective norms—a core Public Space question—within a broader political context about safety, elections, and mayoral policy positioning.","Setting the Stage, Crime, Public Health"
yes,placekeeping-in-brownsville,'A Space for Everyone to Come To': Placekeeping in Brownsville,2023-03-28,Culture;Health & human services;Economy,Public Space;Youth,article,high,"Creative placemaking and placekeeping in public spaces (murals, community reimagining) led by young people; public safety is contextual, not the primary subject.","Sights and Sounds, Public Health, Community Development"
yes,brownsville-and-bay-ridge,A Tale of Two Neighborhoods: Brownsville and Bay Ridge,2023-03-28,Crime;Culture,Crime Data;Housing;Public Space,article,high,"A comparative historical analysis of how housing investment, environmental design, and redlining explain divergent crime trajectories between two neighborhoods.","Looking Back, Crime, History"
yes,poverty-disadvantage-and-violence-an-iron-link,"Poverty, Disadvantage and Violence: An Iron Link",2023-03-28,Crime;Economy;Data,Crime Data;Race,article,high,"Data-driven analysis of correlation between multidimensional poverty and shooting rates, with explicit focus on racial disparities in NYC neighborhoods.","Setting the Stage, Crime, Poverty, Data Stories"
yes,rat-control-in-urban-environments,"To Beat Rats, Follow the Science",2023-03-23,Culture;Health & human services,Public Space;Health & human services,article,high,"A research-informed piece on urban rodent control grounded in science and public health, with direct governance/policy implications for NYC's rat-management strategy.","History, Public Health"
yes,crime-in-2022-and-2023-a-symposium,"Crime, a Symposium: Looking Back, Looking Forward",2023-03-16,Criminal courts,Crime Data;Public Safety Strategy,anthology,high,"A curated multi-voice symposium analyzing crime trends, their causes, and forward-looking policy responses—not a traditional article but an anthology of expert perspectives on crime data and strategy.","Crime, Justice"
yes,act-now-or-expect-more-of-the-same,"Act Now, or Expect More of the Same",2023-03-16,Crime;Culture,Crime Data;Public Safety Strategy,article,high,Piece analyzes NYC crime statistics trends and argues for decisive leadership action on public safety; combines crime data analysis with strategic policy framing.,"Crime, History"
yes,2023-crime-trends,What Crime Trends Are in Store This Year?,2023-03-16,Criminal courts,Crime Data,article,high,"This is a data-driven analysis of crime trends and forecasting using statistics and comparative analysis across cities, not a piece about criminal courts, prosecution, or case processing.","Crime, Justice"
yes,please-stop-blaming-bail-reform,Please Stop Blaming Bail Reform,2023-03-16,Criminal courts,Crime Data,article,high,"This is a data-driven analysis of bail reform's actual impact on crime, using detailed case-outcome statistics to refute a policy narrative—core Crime Data work.","Crime, Justice"
yes,approaches-to-crime-in-the-bronx-2023,The Bronx is Combining Accountability and Rehabilitation,2023-03-16,Criminal courts,Criminal courts;Public Safety Strategy,article,high,Piece describes both case prosecution outcomes (criminal courts) and a diversion/accountability program (public safety strategy) as integrated approaches to gun violence in the Bronx.,"Justice, Crime"
yes,our-tragically-shortsighted-crime-debate,Our Crime Debate Remains Tragically Shortsighted,2023-03-16,Crime,Public Safety Strategy;Crime Data,article,high,A critique of how crime policy debates are framed and what evidence actually supports effectiveness—combines crime data literacy with public safety strategy discourse.,Crime
yes,black-market-brooklyn,Black-Market Brooklyn,2023-03-08,Culture;Criminal courts,Drugs;Governance,article,high,A neighborhood-level investigation of illegal cannabis retail flourishing due to regulatory failure and market structure — squarely about drug enforcement and policy implementation gaps.,"culture, Crime, Justice"
yes,new-york-stilled-life-feral-city-review,Pandemic New York: Stilled or Riotous?,2023-03-02,Housing;Culture,Public Space,book_review,medium,"This is a review of two pandemic-era books about NYC's streetscape and urban landscape; Public Space covers urban realm and walkability themes, though the piece is primarily reflective/cultural rather than policy-focused.","Place, History, Photography"
yes,making-new-york-city-pools-accessible-to-all,Everyone Into the Pool,2023-03-02,Housing;Governance,Public Space,article,high,"The piece is about public pool and beach access, amenities, and management — core public space infrastructure — not housing policy or governance broadly.","Place, City Planning, Quality of Life"
yes,rikers-captives-review,Locked in a Vicious Cycle: How Past is Prologue at Rikers,2023-02-15,Culture;Rikers & jails,Rikers & jails,article,high,"Book review examining historical and contemporary conditions at Rikers Island jails, centered on reform and closure arguments.","History, Jails"
yes,the-city-is-my-lover,The City is My Lover,2023-02-14,Culture,Other,article,high,A personal essay/memoir about the author's relationship with New York City; no civic policy content or public safety/governance angle—belongs in the catch-all Other domain.,"culture, History"
yes,long-crisis-review,There Are No Solutions: Making Sense of New York at the End of the 20th Century (and Now),2023-01-19,Culture;Housing,Other,book_review,high,"This is a critical review of Benjamin Holtzman's book 'The Long Crisis' examining New York's late-20th-century revival through a neoliberalism lens — a historiographic/intellectual essay, not reporting on a specific policy or crime issue.","culture, City Planning, History"
yes,the-victim-card,The Victim Card,2023-01-13,Culture;Crime,Crime Data;Politics,article,medium,"Piece examines victims' rights policy and electoral/political strategy around crime, not criminal procedure itself.","culture, Crime"
yes,ghosts-of-deinstitutionalization,Ghosts of Deinstitutionalization,2022-12-16,Culture;Health & human services,Mental illness;Crisis response,article,high,"Historical and policy analysis of deinstitutionalization's legacy and its bearing on Mayor Adams' mental health crisis response, centered on police role in crisis encounters.","culture, History, Mental Health"
yes,straight-line-crazy-review,"The Power, Woker",2022-11-30,Culture,Public Space,article,medium,A theater review analyzing Robert Moses's urban planning legacy and its contemporary relevance; primarily a cultural/critical piece but substantively about public space and urban design.,"culture, Theater"
yes,connecting-communities-through-design,Connecting Communities Through Design,2022-10-25,Housing;Data,Public Safety Strategy;Public Space,article,high,Piece describes resident-led design approach to crime reduction through community engagement and public space improvement—core Public Safety Strategy and Public Space intersection.,"New Solutions, City Planning, Social Science"
yes,crime-and-the-built-environment,Crime and the Built Environment,2022-10-25,Housing;Data,Public Space;Public Safety Strategy,article,high,Core subject is how urban design and environmental interventions (CPTED principles) prevent crime and empower communities—a Public Safety Strategy rooted in Public Space design.,"New Solutions, City Planning, Social Science"
yes,policings-hidden-curriculum,The Strange History and Impact of Broken Windows,2022-10-25,Policing;Culture;Data,Public Safety Strategy;Crime Data,article,high,"Scholarly retrospective on broken windows theory, its empirical foundations, and its policy implications for crime reduction—belongs in Public Safety Strategy (theory/framework discussion) with Crime Data (crime trends, Zimbardo experiment, NYC homicide numbers).","Broken Windows, History, Crime, Social Science"
yes,the-public-square,The Public Square,2022-10-25,Crime;Governance,Disorder;Crime Data,article,high,"Vital piece examining the contested meaning of 'disorder' in NYC public spaces, juxtaposing perception against official crime data—a classic Crime Data and Disorder analysis.","Context: Politics and Data, Crime, Quality of Life"
yes,law-enforcement-and-legitimacy,Law Enforcement and Legitimacy: How Policing's “Hidden Curriculum” Undermines Trust,2022-10-25,Culture;Policing,Policing;Public Safety Strategy,article,high,"Scholarly critique of broken windows policing theory and its legitimacy effects; centers police-community trust and policy approach, not cultural history per se.","History, Police Reform, Police-Community Relations"
yes,subway-disorder,The Heartbeat of the City,2022-10-25,Governance;Crime;Culture,Subway;Policing,article,high,"Personal essay about subway safety and policing that directly addresses the question of how the subway should be policed, grounded in firsthand crime experiences and the role of police intervention.","Civic Life, Subway Crime, History"
yes,tables-and-chairs,Tables and Chairs,2022-10-25,Housing;Culture,Public Space,article,high,"The piece is fundamentally about pedestrian plazas, public realm design, and walkability in Manhattan—core Public Space concerns—not housing or culture.","The Long View, City Planning, History"
yes,police-become-government,When Police Become Our Government,2022-10-25,Policing;Governance,Policing;Public Safety Strategy,article,high,"The piece critiques police scope creep and argues for a focused policing mission, which directly engages both police role/function and citywide public safety strategy.","Police Reform, Government Operations, Where We’ve Been"
yes,public-space-design-and-safety,How the design of public spaces can improve the perception of safety,2022-10-25,Housing;Data,Public Space,article,high,"Core focus is placemaking, public space design, and resident engagement with urban realm to improve safety perception—textbook Public Space domain.","City Planning, Social Science"
yes,beyond-enforcement,Beyond Enforcement: New Responses to Quality-of-Life Concerns,2022-08-02,Crime;Governance,Disorder;Public Safety Strategy,article,high,"Core piece examining non-enforcement approaches to disorder and quality-of-life concerns, with explicit Public Safety Strategy framing around alternatives to policing.","New Solutions, Crime, Quality of Life"
yes,peter-moskos-oral-history-times-square,"'There Is a Tendency to Romanticize the Gutter': The Rebirth of Times Square, Port Authority and Bryant Park",2022-05-26,Housing;Culture,Disorder;Public Space,article,high,"This is a historical account of how reclaiming public spaces (Times Square, Bryant Park, Port Authority) through disorder reduction and broken-windows policing laid groundwork for NYC's crime drop.","Where We’ve Been, City Planning, History"
yes,federal-transitional-administrator-juvenile-detention-cook-county,"Brief History and Impact of a Federal “Transitional Administrator” Over Juvenile Detention in Cook County, IL",2022-05-18,Criminal courts;Rikers & jails,Rikers & jails;Youth,article,high,"A case study of federal court intervention in a juvenile detention facility's reform, directly comparable to NYC jail conditions; primarily about detention system management and youth confinement.","Justice, Jails"
yes,what-is-a-receiver,What is a Receiver?,2022-05-18,Culture;Criminal courts,Criminal courts,article,high,"This is an explanatory piece about the legal doctrine of receivership in the context of court remedies and institutional reform, including prisons and jails—core criminal justice system topics.","History, Justice"
yes,vital-city-issue-1,Our First Issue,2022-02-08,Guns;Culture,Guns,editors_note,high,"This is an editorial introduction to the journal's inaugural issue on gun violence, not a reportorial article—it sets scope and framing rather than investigating a story.","Gun Violence, Neighborhood Life, Gun Violence."
yes,welcome-to-vital-city,What is Vital City?,2022-01-15,Culture;Guns,Public Safety Strategy,editors_note,high,"This is Vital City's mission statement / editorial manifesto, not a reporting article; it articulates a public safety philosophy centered on social fabric and prevention rather than enforcement alone.","Community, culture, Gun Violence"
yes,already-in-the-trap-young-new-yorkers,“Already in the Trap”: Young New Yorkers on Why They Carry Guns,2022-01-15,Data;Guns,Guns;Research,article,high,"First-person research narrative about why youth carry guns, combining primary fieldwork on gun carrying behavior with methodological reflection on community-based research.","Crime, Social Science, Gun Violence"
yes,gun-violence-debates,The Public Square,2022-01-15,Culture;Guns,Guns;Crime Data,article,high,"A substantive review of gun violence debates anchored in data, criminal justice reform, and policy implications—not a Culture piece.","Crime, History, Gun Violence"
yes,violence-and-urban-inequality,Violence and Urban Inequality,2022-01-15,Culture;Guns,Crime Data;Race,article,high,"This is a data-driven analysis of murder trends and their spatial/racial distribution across U.S. cities, combining crime statistics with racial inequality as the core argument.","History, Crime, Gun Violence"
yes,mobilizing-the-public-reimagining-public-safety,The Costs of Violence: Mobilizing “the Public” and Reimagining Public Safety,2022-01-15,Policing;Culture;Guns,Policing;Guns,article,high,"Research-driven analysis of police-community trust, gun violence, and witness cooperation—centered on policing accountability and gun-violence clearance rates.","Police Reform, History, Gun Violence"
yes,balancing-deterrence-and-prevention-the-role-of-research,Balancing Deterrence and Prevention: The Role of Research,2022-01-15,Criminal courts;Policing;Guns,Public Safety Strategy;Research,article,high,"Piece examines the conceptual and evidence-based balance between deterrence and prevention as public safety approaches, arguing for investment in both—a core public safety strategy question grounded in research methodology.","Criminal Justice, Police Reform, Gun Violence"
yes,weighing-the-impacts-of-policing,Weighing the Impacts of Policing,2022-01-15,Politics;Data;Guns,Public Safety Strategy;Crime Data,article,high,This is a research-driven piece evaluating whether policing prevents crime—a core Public Safety Strategy question—grounded in empirical crime data and academic literature.,"Politics, Social Science, Gun Violence"
yes,special-report-on-rikers,What to Do About Closing Rikers,2021-09-15,Other;Data,Rikers & jails;Public Safety Strategy,report,high,"This is a data-driven policy roadmap on Rikers closure that directly addresses jail operations and public safety strategy, explicitly labeled as a report by the publication.","Report, data"
