slug,published_at,title,url,primary_author,has_policy_rec,rec_summary,agencies,levers,geographic_scope,action_status,action_evidence_urls,notes,last_reviewed
special-report-on-rikers,2021-09-15T12:51:00,What to Do About Closing Rikers,https://www.vitalcitynyc.org/special-report-on-rikers/,Elizabeth Glazer,unreviewed,,,,,,,,
no-program-is-a-panacea-the-fate-of-focused-deterrence,2022-01-15T19:08:48,No Program Is a Panacea: The Fate of Focused Deterrence,https://www.vitalcitynyc.org/no-program-is-a-panacea-the-fate-of-focused-deterrence/,Greg Berman,unreviewed,,,,,,,,
weighing-the-impacts-of-policing,2022-01-15T19:09:36,Weighing the Impacts of Policing,https://www.vitalcitynyc.org/weighing-the-impacts-of-policing/,Morgan C. Williams Jr.,unreviewed,,NYPD,,,,,,
balancing-deterrence-and-prevention-the-role-of-research,2022-01-15T19:09:48,Balancing Deterrence and Prevention: The Role of Research,https://www.vitalcitynyc.org/balancing-deterrence-and-prevention-the-role-of-research/,John K. Roman,unreviewed,,White House,,,,,,
mobilizing-the-public-reimagining-public-safety,2022-01-15T19:10:00,The Costs of Violence: Mobilizing “the Public” and Reimagining Public Safety,https://www.vitalcitynyc.org/mobilizing-the-public-reimagining-public-safety/,Rod K. Brunson,unreviewed,,NYPD; NYCHA; Mayor's Office; State Legislature,,,,,,
stemming-violence-investing-in-civic-goods,2022-01-15T19:10:26,Stemming Violence by Investing in Civic Goods,https://www.vitalcitynyc.org/stemming-violence-investing-in-civic-goods/,Jennifer Doleac,unreviewed,,,,,,,,
rethinking-rigidity,2022-01-15T19:10:35,Rethinking Rigidity: How Government Can Be A Better Partner in Promoting Neighborhood Safety,https://www.vitalcitynyc.org/rethinking-rigidity/,Renita Francois,unreviewed,,Mayor's Office,,,,,,
shifting-power-to-the-community-an-experiment-in-brownsville,2022-01-15T19:10:45,Shifting Power to the Community,https://www.vitalcitynyc.org/shifting-power-to-the-community-an-experiment-in-brownsville/,Eric Gonzalez,unreviewed,,District Attorney; NYPD; Mayor's Office,,,,,,
violence-and-urban-inequality,2022-01-15T19:10:56,Violence and Urban Inequality,https://www.vitalcitynyc.org/violence-and-urban-inequality/,Patrick Sharkey,unreviewed,,,,,,,,
gun-violence-is-the-crime-problem,2022-01-15T19:11:07,Gun Violence is THE Crime Problem,https://www.vitalcitynyc.org/gun-violence-is-the-crime-problem/,Philip J. Cook,unreviewed,,,,,,,,
gun-violence-debates,2022-01-15T19:11:20,The Public Square,https://www.vitalcitynyc.org/gun-violence-debates/,Ted Alcorn,unreviewed,,NYPD; District Attorney; Congress; Mayor's Office; ATF; Supreme Court,,,,,,
already-in-the-trap-young-new-yorkers,2022-01-15T19:11:31,“Already in the Trap”: Young New Yorkers on Why They Carry Guns,https://www.vitalcitynyc.org/already-in-the-trap-young-new-yorkers/,Basaime Spate,unreviewed,,,,,,,,
welcome-to-vital-city,2022-01-15T19:11:42,What is Vital City?,https://www.vitalcitynyc.org/welcome-to-vital-city/,Elizabeth Glazer,unreviewed,,,,,,,,
civic-life-can-create-safety,2022-01-15T19:19:42,Shifting the Center of Gravity: How Civic Life Can Create Safety,https://www.vitalcitynyc.org/civic-life-can-create-safety/,Elizabeth Glazer,unreviewed,,NYPD; DPR; State AG; HUD; HHS; White House; Supreme Court,,,,,,
vital-city-issue-1,2022-02-08T22:46:43,Our First Issue,https://www.vitalcitynyc.org/vital-city-issue-1/,Elizabeth Glazer,unreviewed,,,,,,,,
ted-alcorn-neighborhood-safety-teams,2022-04-06T16:24:34,Do Anti-Gun Police Teams Work?,https://www.vitalcitynyc.org/ted-alcorn-neighborhood-safety-teams/,Ted Alcorn,unreviewed,,NYPD; DPR; Mayor's Office; FBI,,,,,,
what-is-a-receiver,2022-05-18T21:05:11,What is a Receiver?,https://www.vitalcitynyc.org/what-is-a-receiver/,Sara Norman,unreviewed,,Supreme Court,,,,,,
federal-transitional-administrator-juvenile-detention-cook-county,2022-05-18T23:08:03,"Brief History and Impact of a Federal “Transitional Administrator” Over Juvenile Detention in Cook County, IL",https://www.vitalcitynyc.org/federal-transitional-administrator-juvenile-detention-cook-county/,Vincent Schiraldi,unreviewed,,,,,,,,
fixing-new-york-citys-jails-a-federal-receiver,2022-05-19T12:30:00,Fixing New York City's Jails: A Federal Receiver?,https://www.vitalcitynyc.org/fixing-new-york-citys-jails-a-federal-receiver/,Elizabeth Glazer,unreviewed,,Congress; ACS; Mayor's Office; DOE; DOC; EDC; Comptroller; Public Advocate; OMB; NYC Department of Probation; State AG; Supreme Court,,,,,,
opening-remarks-fixing-new-york-city-s-jails-a-federal-receiver,2022-05-24T05:52:01,Fixing New York City's Jails: A Federal Receiver?,https://www.vitalcitynyc.org/opening-remarks-fixing-new-york-city-s-jails-a-federal-receiver/,Vincent Schiraldi,unreviewed,,Mayor's Office; DOC,,,,,,
boiling-the-frog-what-is-the-way-forward,2022-05-24T12:03:56,Boiling the Frog: What is the Way Forward?,https://www.vitalcitynyc.org/boiling-the-frog-what-is-the-way-forward/,Elizabeth Glazer,unreviewed,,DOC,,,,,,
peter-moskos-oral-history-times-square,2022-05-26T19:47:02,"'There Is a Tendency to Romanticize the Gutter': The Rebirth of Times Square, Port Authority and Bryant Park",https://www.vitalcitynyc.org/peter-moskos-oral-history-times-square/,Peter Moskos,unreviewed,,NYPD; DOT; State Legislature,,,,,,
liz-glazer-nyc-jails-fatal-cost-of-waiting,2022-07-26T16:58:15,The Fatal Cost of Waiting: What Must Happen Now in the City’s Jails,https://www.vitalcitynyc.org/liz-glazer-nyc-jails-fatal-cost-of-waiting/,Elizabeth Glazer,unreviewed,,DOC,,,,,,
beyond-enforcement,2022-08-02T15:31:11,Beyond Enforcement: New Responses to Quality-of-Life Concerns,https://www.vitalcitynyc.org/beyond-enforcement/,An expert roundtable,unreviewed,,DOE; District Attorney; MTA,,,,,,
how-to-end-the-crises-on-rikers-island,2022-10-13T12:30:00,How to End the Crises on Rikers Island,https://www.vitalcitynyc.org/how-to-end-the-crises-on-rikers-island/,No byline,unreviewed,,DOC; Mayor's Office; Comptroller,,,,,,
the-unwritten-rules,2022-10-19T15:45:56,The Unwritten Rules,https://www.vitalcitynyc.org/the-unwritten-rules/,Errol Louis,unreviewed,,NYPD,,,,,,
lorem-ipsum,2022-10-25T04:53:05,NYC Jails Data,https://www.vitalcitynyc.org/lorem-ipsum/,Marc Perel,unreviewed,,,,,,,,
design-public-spaces-improve-safety,2022-10-25T04:53:05,How the Design of Public Spaces Can Improve the Perception of Safety,https://www.vitalcitynyc.org/design-public-spaces-improve-safety/,David Burney,unreviewed,,NYCHA,,,,,,
connecting-communities-through-design,2022-10-25T04:53:05,Connecting Communities Through Design,https://www.vitalcitynyc.org/connecting-communities-through-design/,Tamara Greenfield,unreviewed,,NYCHA,,,,,,
crime-and-the-built-environment,2022-10-25T04:53:05,Crime and the Built Environment,https://www.vitalcitynyc.org/crime-and-the-built-environment/,Aaron Chalfin,unreviewed,,,,,,,,
policings-hidden-curriculum,2022-10-25T04:53:05,The Strange History and Impact of Broken Windows,https://www.vitalcitynyc.org/policings-hidden-curriculum/,Tracey L. Meares,unreviewed,,NYPD,,,,,,
the-public-square,2022-10-25T04:53:05,The Public Square,https://www.vitalcitynyc.org/the-public-square/,Ted Alcorn,unreviewed,,District Attorney; NYPD; City Council; FBI,,,,,,
issue-2-data-story,2022-10-25T04:53:05,The Quality of Life in New York City,https://www.vitalcitynyc.org/issue-2-data-story/,No byline,unreviewed,,,,,,,,
what-is-disorder,2022-10-25T04:53:05,Editors' Note: Issue 2,https://www.vitalcitynyc.org/what-is-disorder/,Elizabeth Glazer,unreviewed,,Supreme Court,,,,,,
brooklyn-summers-steelpan,2022-10-25T04:53:05,"Brooklyn Summers, Steelpan Nostalgia",https://www.vitalcitynyc.org/brooklyn-summers-steelpan/,Marlon Peterson,unreviewed,,,,,,,,
law-enforcement-and-legitimacy,2022-10-25T04:53:05,Law Enforcement and Legitimacy: How Policing's “Hidden Curriculum” Undermines Trust,https://www.vitalcitynyc.org/law-enforcement-and-legitimacy/,Tracey L. Meares,unreviewed,,NYPD,,,,,,
salvaging-broken-windows,2022-10-25T04:53:05,"Mend It, Don't End It: Salvaging Broken Windows",https://www.vitalcitynyc.org/salvaging-broken-windows/,Greg Berman,unreviewed,,NYPD,,,,,,
subway-disorder,2022-10-25T04:53:05,The Heartbeat of the City,https://www.vitalcitynyc.org/subway-disorder/,Brandon del Pozo,unreviewed,,NYPD; Mayor's Office,,,,,,
tables-and-chairs,2022-10-25T04:53:05,Tables and Chairs,https://www.vitalcitynyc.org/tables-and-chairs/,Nicole Gelinas,unreviewed,,NYPD,,,,,,
police-become-government,2022-10-25T04:53:05,When Police Become Our Government,https://www.vitalcitynyc.org/police-become-government/,Elizabeth Glazer,unreviewed,,NYPD; DPR,,,,,,
order-maintenance-and-its-discontents,2022-10-25T04:53:05,“The Message”: Order Maintenance and Its Discontents,https://www.vitalcitynyc.org/order-maintenance-and-its-discontents/,Michael Javen Fortner,unreviewed,,,,,,,,
public-space-design-and-safety,2022-10-25T04:53:05,How the design of public spaces can improve the perception of safety,https://www.vitalcitynyc.org/public-space-design-and-safety/,David Burney,unreviewed,,NYCHA,,,,,,
state-of-the-jails-november-2022,2022-11-16T15:02:31,State of the Jails: New York City,https://www.vitalcitynyc.org/state-of-the-jails-november-2022/,No byline,unreviewed,,DOC,,,,,,
straight-line-crazy-review,2022-11-30T19:40:41,"The Power, Woker",https://www.vitalcitynyc.org/straight-line-crazy-review/,Vishaan Chakrabarti,unreviewed,,,,,,,,
longtime-daily-news-opinion-and-editorial-page-editor-josh-greenman-joins-vital-city-as-managing-editor,2022-12-05T11:00:00,Longtime Daily News Opinion and Editorial Page Editor Josh Greenman Joins Vital City as Managing Editor,https://www.vitalcitynyc.org/longtime-daily-news-opinion-and-editorial-page-editor-josh-greenman-joins-vital-city-as-managing-editor/,No byline,unreviewed,,,,,,,,
vital-signs-crime-and-justice-in-new-york-city,2022-12-13T22:00:18,The State of Crime in December 2022,https://www.vitalcitynyc.org/vital-signs-crime-and-justice-in-new-york-city/,No byline,unreviewed,,NYPD,,,,,,
ghosts-of-deinstitutionalization,2022-12-16T16:00:33,Ghosts of Deinstitutionalization,https://www.vitalcitynyc.org/ghosts-of-deinstitutionalization/,David Thacher,unreviewed,,Mayor's Office; CCRB; MTA,,,,,,
the-victim-card,2023-01-13T13:00:25,The Victim Card,https://www.vitalcitynyc.org/the-victim-card/,Mark Obbie,unreviewed,,,,,,,,
long-crisis-review,2023-01-19T21:15:07,There Are No Solutions: Making Sense of New York at the End of the 20th Century (and Now),https://www.vitalcitynyc.org/long-crisis-review/,Greg Berman,unreviewed,,,,,,,,
gun-violence-in-new-york-city-the-data,2023-01-23T08:08:00,Gun Violence In New York City - The Data,https://www.vitalcitynyc.org/gun-violence-in-new-york-city-the-data/,No byline,unreviewed,,,,,,,,
state-of-the-jails-january-2023,2023-01-27T15:30:22,"Can the City’s Jails Be Fixed? Another Year, Scant Progress",https://www.vitalcitynyc.org/state-of-the-jails-january-2023/,Elizabeth Glazer,unreviewed,,DOC; City Council; Mayor's Office; DOI,,,,,,
the-reforms-that-failed-to-save-tyre-nichols-life,2023-01-31T18:30:09,The Reforms That Failed to Save Tyre Nichols’ Life,https://www.vitalcitynyc.org/the-reforms-that-failed-to-save-tyre-nichols-life/,Errol Louis,unreviewed,,DOJ; NYPD,,,,,,
david-weisburd-hot-spot-policing,2023-02-08T20:30:00,Hot-Spot Policing After Memphis: Six Questions for David Weisburd,https://www.vitalcitynyc.org/david-weisburd-hot-spot-policing/,Greg Berman,unreviewed,,,,,,,,
the-dangers-of-special-policing-units,2023-02-09T19:00:00,"Why Scorpion and Similar Special Policing Units Are Dangerous, and Entrenched",https://www.vitalcitynyc.org/the-dangers-of-special-policing-units/,Christy Lopez,unreviewed,,NYPD; Mayor's Office,,,,,,
race-and-training-after-tyre-nichols,2023-02-10T17:00:07,Ben Tucker on Tyre Nichols: What's Race and Training Got to Do With It?,https://www.vitalcitynyc.org/race-and-training-after-tyre-nichols/,Josh Greenman,unreviewed,,NYPD; CCRB; State AG; DOJ; Congress,,,,,,
sunday-in-the-park,2023-02-11T15:47:00,Sunday in the Park with Everybody,https://www.vitalcitynyc.org/sunday-in-the-park/,Stuart O'Brien,unreviewed,,,,,,,,
the-city-is-my-lover,2023-02-14T17:00:02,The City is My Lover,https://www.vitalcitynyc.org/the-city-is-my-lover/,Vishaan Chakrabarti,unreviewed,,,,,,,,
rikers-captives-review,2023-02-15T19:00:15,Locked in a Vicious Cycle: How Past is Prologue at Rikers,https://www.vitalcitynyc.org/rikers-captives-review/,Martha King,unreviewed,,DOC; Mayor's Office; City Council,,,,,,
expand-manhattan-for-housing,2023-02-23T18:00:00,Want More Housing? Expand Manhattan.,https://www.vitalcitynyc.org/expand-manhattan-for-housing/,Jason M. Barr,unreviewed,,State Legislature,,,,,,
hip-hop-exhibits-review,2023-02-24T17:00:02,The Challenges of Hip-Hop History,https://www.vitalcitynyc.org/hip-hop-exhibits-review/,Miles Marshall Lewis,unreviewed,,MTA,,,,,,
making-new-york-city-pools-accessible-to-all,2023-03-02T18:56:00,Everyone Into the Pool,https://www.vitalcitynyc.org/making-new-york-city-pools-accessible-to-all/,Julie Sandorf,unreviewed,,DPR; DOE; Mayor's Office; State Legislature,,,,,,
new-york-stilled-life-feral-city-review,2023-03-02T19:00:15,Pandemic New York: Stilled or Riotous?,https://www.vitalcitynyc.org/new-york-stilled-life-feral-city-review/,Nicole Gelinas,unreviewed,,ICE,,,,,,
vital-signs-march-2023,2023-03-03T19:00:01,The State of Crime in 2022,https://www.vitalcitynyc.org/vital-signs-march-2023/,No byline,unreviewed,,NYPD; NYCHA,,,,,,
black-market-brooklyn,2023-03-08T19:00:01,Black-Market Brooklyn,https://www.vitalcitynyc.org/black-market-brooklyn/,Josh Greenman,unreviewed,,NYPD; District Attorney,,,,,,
fix-public-policy-or-pay-a-price,2023-03-16T18:30:24,Fix Public Policy or Pay a Price,https://www.vitalcitynyc.org/fix-public-policy-or-pay-a-price/,Peter Moskos,unreviewed,,NYPD; City Council,,,,,,
crime-in-2022-and-2023-a-symposium,2023-03-16T18:30:24,"Crime, a Symposium: Looking Back, Looking Forward",https://www.vitalcitynyc.org/crime-in-2022-and-2023-a-symposium/,Aaron Chalfin,unreviewed,,NYPD,,,,,,
act-now-or-expect-more-of-the-same,2023-03-16T18:30:24,"Act Now, or Expect More of the Same",https://www.vitalcitynyc.org/act-now-or-expect-more-of-the-same/,Charles Fain Lehman,unreviewed,,NYPD; Mayor's Office,,,,,,
path-to-a-safer-brooklyn,2023-03-16T18:30:24,The Smart Path to a Safer Brooklyn,https://www.vitalcitynyc.org/path-to-a-safer-brooklyn/,Eric Gonzalez,unreviewed,,NYPD; DOE,,,,,,
2023-crime-trends,2023-03-16T18:30:24,What Crime Trends Are in Store This Year?,https://www.vitalcitynyc.org/2023-crime-trends/,Thomas Abt,unreviewed,,ATF,,,,,,
please-stop-blaming-bail-reform,2023-03-16T18:30:24,Please Stop Blaming Bail Reform,https://www.vitalcitynyc.org/please-stop-blaming-bail-reform/,John Pfaff,unreviewed,,DCJS,,,,,,
approaches-to-crime-in-the-bronx-2023,2023-03-16T18:30:24,The Bronx is Combining Accountability and Rehabilitation,https://www.vitalcitynyc.org/approaches-to-crime-in-the-bronx-2023/,Darcel Clark,unreviewed,,District Attorney; Supreme Court,,,,,,
a-tale-of-two-divergent-paths,2023-03-16T18:30:24,A Tale of Two Divergent Paths,https://www.vitalcitynyc.org/a-tale-of-two-divergent-paths/,John K. Roman,unreviewed,,NYPD,,,,,,
our-tragically-shortsighted-crime-debate,2023-03-16T18:30:24,Our Crime Debate Remains Tragically Shortsighted,https://www.vitalcitynyc.org/our-tragically-shortsighted-crime-debate/,Jeffrey A. Butts,unreviewed,,FBI,,,,,,
rat-control-in-urban-environments,2023-03-23T17:02:51,"To Beat Rats, Follow the Science",https://www.vitalcitynyc.org/rat-control-in-urban-environments/,Michael Parsons,unreviewed,,DPR; ICE,,,,,,
poverty-disadvantage-and-violence-an-iron-link,2023-03-28T16:00:00,"Poverty, Disadvantage and Violence: An Iron Link",https://www.vitalcitynyc.org/poverty-disadvantage-and-violence-an-iron-link/,Alia Nahra,unreviewed,,,,,,,,
what-we-are-reading,2023-03-28T16:00:00,What We're Reading,https://www.vitalcitynyc.org/what-we-are-reading/,Greg Berman,unreviewed,,DOE,,,,,,
maintaining-the-built-environment,2023-03-28T16:01:13,"Bricks and Mortar, Spirits and Souls",https://www.vitalcitynyc.org/maintaining-the-built-environment/,Deborah Marton,unreviewed,,DOT; DSNY; DEP; DPR; White House,,,,,,
how-third-places-promote-cohesion,2023-03-28T16:01:13,"Bodegas, Barbershops and the Ties that Bind",https://www.vitalcitynyc.org/how-third-places-promote-cohesion/,Seth A. Williams,unreviewed,,,,,,,,
elijah-anderson-interview,2023-03-28T16:01:13,The Fault Lines of Race and Place: A Conversation with Elijah Anderson,https://www.vitalcitynyc.org/elijah-anderson-interview/,Jelani Cobb,unreviewed,,,,,,,,
editors-note-issue-3,2023-03-28T16:01:13,Editors' Note: Issue 3,https://www.vitalcitynyc.org/editors-note-issue-3/,Elizabeth Glazer,unreviewed,,,,,,,,
rethinking-libraries-in-a-digital-age,2023-03-28T16:01:13,Books Are Only the Beginning,https://www.vitalcitynyc.org/rethinking-libraries-in-a-digital-age/,Linda Lee Baird,unreviewed,,,,,,,,
slash-poverty-and-the-rest-will-get-easier,2023-03-28T16:01:13,Slash Poverty and the Rest Will Get Easier,https://www.vitalcitynyc.org/slash-poverty-and-the-rest-will-get-easier/,Bruce Western,unreviewed,,Congress; White House,,,,,,
the-stains-of-redlining,2023-03-28T16:01:13,The Stains of Redlining,https://www.vitalcitynyc.org/the-stains-of-redlining/,Jacob William Faber,unreviewed,,Congress,,,,,,
poverty-disadvantage-and-violence,2023-03-28T16:01:13,"Poverty, Disadvantage and Violence",https://www.vitalcitynyc.org/poverty-disadvantage-and-violence/,Alia Nahra,unreviewed,,,,,,,,
more-non-profits-fewer-crimes,2023-03-28T16:01:13,"Ideas in Action: More Non-Profits, Fewer Crimes",https://www.vitalcitynyc.org/more-non-profits-fewer-crimes/,Gerard Torrats-Espinosa,unreviewed,,District Attorney; NYPD,,,,,,
why-walkability-matters,2023-03-28T16:01:13,Why Walkability Matters,https://www.vitalcitynyc.org/why-walkability-matters/,Eve Kessler,unreviewed,,DOT; City Council; Mayor's Office,,,,,,
the-evolution-of-flatbush,2023-03-28T16:01:13,The Long View: The Evolution of Flatbush,https://www.vitalcitynyc.org/the-evolution-of-flatbush/,John Mollenkopf,unreviewed,,Congress; EDC; State Legislature,,,,,,
pickup-basketball,2023-03-28T16:01:13,The City Game,https://www.vitalcitynyc.org/pickup-basketball/,Bobbito Garcia,unreviewed,,,,,,,,
robert-sampson-interview,2023-03-28T16:01:13,'Collective Action Can Make a Difference': A Conversation with Robert Sampson,https://www.vitalcitynyc.org/robert-sampson-interview/,Elizabeth Glazer,unreviewed,,,,,,,,
measures-of-urban-vitality,2023-03-28T16:01:13,Measures of Urban Vitality,https://www.vitalcitynyc.org/measures-of-urban-vitality/,No byline,unreviewed,,EDC; Congress,,,,,,
the-public-square-march-2023,2023-03-28T16:01:13,"The Public Square: Politics, Safety and Common Space",https://www.vitalcitynyc.org/the-public-square-march-2023/,Ted Alcorn,unreviewed,,NYPD; DSNY; FDNY; City Council; Mayor's Office; District Attorney,,,,,,
placekeeping-in-brownsville,2023-03-28T16:01:13,'A Space for Everyone to Come To': Placekeeping in Brownsville,https://www.vitalcitynyc.org/placekeeping-in-brownsville/,No byline,unreviewed,,,,,,,,
public-space-and-security,2023-03-28T16:01:13,Protecting the Commons,https://www.vitalcitynyc.org/public-space-and-security/,Frank Greene,unreviewed,,,,,,,,
brownsville-and-bay-ridge,2023-03-28T16:01:13,A Tale of Two Neighborhoods: Brownsville and Bay Ridge,https://www.vitalcitynyc.org/brownsville-and-bay-ridge/,Jonathan Soffer,unreviewed,,NYCHA,,,,,,
jeanne-gang-interview,2023-03-28T16:01:13,Architecture and Social Change: A Conversation with Jeanne Gang,https://www.vitalcitynyc.org/jeanne-gang-interview/,Elizabeth Glazer,unreviewed,,,,,,,,
daniel-penny-jordan-neely-and-all-of-us-in-between,2023-03-30T11:00:00,"Daniel Penny, Jordan Neely and All of Us In Between",https://www.vitalcitynyc.org/daniel-penny-jordan-neely-and-all-of-us-in-between/,Brandon del Pozo,unreviewed,,NYPD,,,,,,
the-role-of-self-control-in-preventing-crime,2023-03-30T11:30:00,"To Prevent Crime, Respect the Role of Self-Control",https://www.vitalcitynyc.org/the-role-of-self-control-in-preventing-crime/,Alex R. Piquero,unreviewed,,ICE,,,,,,
how-new-yorks-bail-laws-look-from-the-bench,2023-03-30T12:00:00,‘A Confusing Mess’: How New York's Bail Laws Look from the Bench,https://www.vitalcitynyc.org/how-new-yorks-bail-laws-look-from-the-bench/,No byline,unreviewed,,State Legislature; Governor,,,,,,
twenty-strategies-for-reducing-crime-in-cities,2023-03-30T12:30:00,20 Strategies for Reducing Crime in Cities,https://www.vitalcitynyc.org/twenty-strategies-for-reducing-crime-in-cities/,John K. Roman,unreviewed,,,,,,,,
lessons-for-criminal-justice-reformers,2023-03-30T13:00:12,Social Control Works: Lessons for Criminal Justice Reformers,https://www.vitalcitynyc.org/lessons-for-criminal-justice-reformers/,John MacDonald,unreviewed,,,,,,,,
why-it-costs-4-billion-per-mile-of-subway-track,2023-04-07T15:00:03,The Transit Costs Are Too Damn High!,https://www.vitalcitynyc.org/why-it-costs-4-billion-per-mile-of-subway-track/,Eric Goldwyn,unreviewed,,MTA; DOT,,,,,,
sic-the-parking-police-on-the-nypd,2023-04-20T17:00:00,Let’s Call the Parking Police on the NYPD,https://www.vitalcitynyc.org/sic-the-parking-police-on-the-nypd/,Gersh Kuntzman,unreviewed,,NYPD; MTA,,,,,,
parking-placard-and-license-plate-arrogance,2023-04-20T17:00:00,"Parking, Placard and License Plate Arrogance",https://www.vitalcitynyc.org/parking-placard-and-license-plate-arrogance/,Sam Schwartz,unreviewed,,NYPD; DOT; DOI; DEA,,,,,,
why-the-citys-jails-are-broken,2023-04-27T16:49:30,What You Don’t Know Will Hurt You,https://www.vitalcitynyc.org/why-the-citys-jails-are-broken/,Elizabeth Glazer,unreviewed,,DOC; City Council; District Attorney,,,,,,
errol-louis-harry-siegel-and-vishaan-chakrabarti-join-vital-city-as-contributing-writers,2023-05-03T11:05:00,"Errol Louis, Harry Siegel and Vishaan Chakrabarti Join Vital City as Contributing Writers",https://www.vitalcitynyc.org/errol-louis-harry-siegel-and-vishaan-chakrabarti-join-vital-city-as-contributing-writers/,No byline,unreviewed,,,,,,,,
a-cop-civilian-confrontation-photo-essay,2023-05-04T17:00:00,A Cop-Civilian Confrontation: What I Saw,https://www.vitalcitynyc.org/a-cop-civilian-confrontation-photo-essay/,Camilo José Vergara,unreviewed,,,,,,,,
a-cop-civilian-confrontation-the-police-perspective,2023-05-04T17:00:00,A Cop-Civilian Confrontation: The Police Perspective,https://www.vitalcitynyc.org/a-cop-civilian-confrontation-the-police-perspective/,Brandon del Pozo,unreviewed,,NYPD,,,,,,
invest-in-libraries,2023-05-05T17:32:55,Investing in Libraries is Investing in Cities,https://www.vitalcitynyc.org/invest-in-libraries/,Emily Drabinski,unreviewed,,DOE; Mayor's Office,,,,,,
resisting-the-asylums-pull,2023-05-17T15:30:15,Resisting the Asylum's Pull,https://www.vitalcitynyc.org/resisting-the-asylums-pull/,David Thacher,unreviewed,,Mayor's Office; Supreme Court,,,,,,
public-safety-and-mental-health,2023-05-17T15:30:15,A City of Two One-Track Minds,https://www.vitalcitynyc.org/public-safety-and-mental-health/,Brandon del Pozo,unreviewed,,Mayor's Office; NYPD; District Attorney,,,,,,
gently-increasing-new-york-housing-density,2023-05-24T14:01:46,Who's Afraid of a Little More Housing Density?,https://www.vitalcitynyc.org/gently-increasing-new-york-housing-density/,Vicki Been,unreviewed,,,,,,,,
monsoon-wedding-musical-review,2023-05-24T14:01:46,"All of the Marigold, Little of the Meaning",https://www.vitalcitynyc.org/monsoon-wedding-musical-review/,Vishaan Chakrabarti,unreviewed,,,,,,,,
information-suppression-in-nyc-jails,2023-06-02T17:30:00,Dying in Darkness on Rikers Island,https://www.vitalcitynyc.org/information-suppression-in-nyc-jails/,Elizabeth Glazer,unreviewed,,DOC; DOI,,,,,,
new-york-city-digital-infrastructure,2023-06-05T14:30:00,"New York City 2.0, Coming Into Focus",https://www.vitalcitynyc.org/new-york-city-digital-infrastructure/,Errol Louis,unreviewed,,NYPD; DSNY,,,,,,
vital-city-issues-call-for-submissions,2023-06-06T11:07:00,Vital City Issues Call for Submissions,https://www.vitalcitynyc.org/vital-city-issues-call-for-submissions/,No byline,unreviewed,,,,,,,,
dante-ross-and-the-golden-age-of-hip-hop,2023-06-06T17:30:01,Willing To Be Lucky: Dante Ross and the Golden Age of Hip-Hop in New York,https://www.vitalcitynyc.org/dante-ross-and-the-golden-age-of-hip-hop/,Greg Berman,unreviewed,,,,,,,,
rikers-hearing-june-2023,2023-06-12T20:24:39,"The Rule of Law Applies on Rikers, Too",https://www.vitalcitynyc.org/rikers-hearing-june-2023/,Elizabeth Glazer,unreviewed,,DOC,,,,,,
paved-paradise-review,2023-06-14T16:00:04,Curbs Aren't Just for Storing Cars,https://www.vitalcitynyc.org/paved-paradise-review/,Howard Yaruss,unreviewed,,,,,,,,
building-diverse-schools-in-changing-neighborhoods,2023-06-21T16:00:13,Building Diverse Schools in Changing Neighborhoods,https://www.vitalcitynyc.org/building-diverse-schools-in-changing-neighborhoods/,Clara Hemphill,unreviewed,,DOE,,,,,,
in-summery,2023-06-23T00:00:00,In Summery,https://www.vitalcitynyc.org/in-summery/,No byline,unreviewed,,,,,,,,
what-we-are-reading-issue-4,2023-06-28T14:00:02,What We're Reading,https://www.vitalcitynyc.org/what-we-are-reading-issue-4/,Greg Berman,unreviewed,,Congress; White House,,,,,,
the-public-square-issue-4,2023-06-28T14:00:02,The Public Square,https://www.vitalcitynyc.org/the-public-square-issue-4/,Ted Alcorn,unreviewed,,NYPD; Comptroller; DOT; Mayor's Office; District Attorney; OMB; State Legislature,,,,,,
michael-oppenheimer-mark-chambers-interview,2023-06-28T14:00:02,You Think This Is Hot? A Conversation with Michael Oppenheimer and Mark Chambers,https://www.vitalcitynyc.org/michael-oppenheimer-mark-chambers-interview/,Josh Greenman,unreviewed,,ACS; Mayor's Office; MTA; White House,,,,,,
why-pools-matter,2023-06-28T14:00:02,"Water, Water Everywhere",https://www.vitalcitynyc.org/why-pools-matter/,Julie Sandorf,unreviewed,,DPR; DOE; DOI; City Council; Mayor's Office,,,,,,
the-urban-history-of-ice-cream,2023-06-28T14:00:02,Why We Scream: A Conversation with Laura B. Weiss,https://www.vitalcitynyc.org/the-urban-history-of-ice-cream/,Josh Greenman,unreviewed,,ICE,,,,,,
cities-need-more-trees,2023-06-28T14:00:02,Every Neighborhood Leafy,https://www.vitalcitynyc.org/cities-need-more-trees/,Emily Nobel Maxwell,unreviewed,,DPR; DOHMH; City Council,,,,,,
new-york-summers-in-the-movies,2023-06-28T14:00:02,The Beating Sun and the Scalding Projector Bulb,https://www.vitalcitynyc.org/new-york-summers-in-the-movies/,Jason Bailey,unreviewed,,,,,,,,
the-difference-summer-youth-employment-programs-make,2023-06-28T14:00:02,A Time for Work,https://www.vitalcitynyc.org/the-difference-summer-youth-employment-programs-make/,Alicia Modestino,unreviewed,,,,,,,,
editors-note-issue-4,2023-06-28T14:00:02,Editors' Note,https://www.vitalcitynyc.org/editors-note-issue-4/,Greg Berman,unreviewed,,,,,,,,
summer-city-memories,2023-06-28T14:00:02,"Burned in My Memory: Lin-Manuel Miranda, Dwight Gooden and others reminisce",https://www.vitalcitynyc.org/summer-city-memories/,No byline,unreviewed,,ICE; FBI; NYPD; NYCHA; FDNY; Supreme Court,,,,,,
envisioning-car-free-streets,2023-06-28T14:00:02,What Else Streets Can Be,https://www.vitalcitynyc.org/envisioning-car-free-streets/,No byline,unreviewed,,,,,,,,
new-york-handles-garbage-all-wrong,2023-06-28T14:00:02,Where Trash Belongs,https://www.vitalcitynyc.org/new-york-handles-garbage-all-wrong/,Clare Miflin,unreviewed,,DSNY; City Council; Mayor's Office; NYCHA; DEP,,,,,,
eating-out-a-photo-essay,2023-06-28T14:00:02,Eating Out: A Photo Essay,https://www.vitalcitynyc.org/eating-out-a-photo-essay/,Camilo José Vergara,unreviewed,,,,,,,,
six-meaningful-long-term-city-budget-cuts,2023-07-27T17:30:06,Six Steps for a City that Works Better,https://www.vitalcitynyc.org/six-meaningful-long-term-city-budget-cuts/,Carol Kellermann,unreviewed,,FDNY; City Council; Mayor's Office,,,,,,
are-nycs-jails-ungovernable-2,2023-08-02T12:00:00,Are NYC’s Jails Ungovernable?,https://www.vitalcitynyc.org/are-nycs-jails-ungovernable-2/,Elizabeth Glazer,unreviewed,,DOC; NYPD; Comptroller; Public Advocate; District Attorney; OMB; NY Court of Appeals; State AG; DOJ; Congress; Supreme Court,,,,,,
the-possibilities-and-limitations-of-a-receivership-in-nyc-jails,2023-08-03T14:31:02,The Possibilities and Limitations of Receivership for New York City Jails,https://www.vitalcitynyc.org/the-possibilities-and-limitations-of-a-receivership-in-nyc-jails/,Hernandez Stroud,unreviewed,,,,,,,,
are-nycs-jails-ungovernable,2023-08-07T14:46:04,Are NYC's Jails Ungovernable?,https://www.vitalcitynyc.org/are-nycs-jails-ungovernable/,No byline,unreviewed,,DOC; Mayor's Office; DOI; NYPD; City Council; District Attorney; Five Borough DAs; DOJ; Supreme Court,,,,,,
half-a-century-of-criminal-justice-reform,2023-08-09T15:00:02,From Pessimism to Optimism and Back Again: A Half Century of Criminal Justice Reform,https://www.vitalcitynyc.org/half-a-century-of-criminal-justice-reform/,Greg Berman,unreviewed,,,,,,,,
age-diversity-in-cities-and-neighborhoods,2023-08-16T17:00:00,"We Need More Four-Generation Cities, and Neighborhoods",https://www.vitalcitynyc.org/age-diversity-in-cities-and-neighborhoods/,Josh Greenman,unreviewed,,,,,,,,
where-vital-city-is-headed,2023-09-07T19:15:16,Vital City 1.5: Ideas to Action,https://www.vitalcitynyc.org/where-vital-city-is-headed/,Elizabeth Glazer,unreviewed,,NYPD; Comptroller,,,,,,
a-window-into-new-york-citys-pulgueras,2023-09-12T17:00:00,Deals and Steals: A Window into New York City’s Pulgueras,https://www.vitalcitynyc.org/a-window-into-new-york-citys-pulgueras/,Camilo José Vergara,unreviewed,,,,,,,,
build-more-housing-in-new-york-city,2023-09-14T17:00:00,"A Renewed Colossus: Within 10 Years, Let’s House 10 Million New Yorkers",https://www.vitalcitynyc.org/build-more-housing-in-new-york-city/,Vishaan Chakrabarti,unreviewed,,NYCHA; City Council; Mayor's Office; State Legislature,,,,,,
how-housing-promotes-education-inequality,2023-09-19T16:59:42,How Housing Restrictions Promote Education Inequality,https://www.vitalcitynyc.org/how-housing-promotes-education-inequality/,Richard Kahlenberg,unreviewed,,,,,,,,
what-new-yorks-new-anti-airbnb-law-misses,2023-09-21T17:59:14,What New York’s New Anti-Airbnb Law Misses,https://www.vitalcitynyc.org/what-new-yorks-new-anti-airbnb-law-misses/,Alyssa Katz,unreviewed,,NYPD; City Council; Mayor's Office,,,,,,
treat-every-shooting-like-a-homicide,2023-09-27T16:00:21,Treat Every Shooting Like a Homicide,https://www.vitalcitynyc.org/treat-every-shooting-like-a-homicide/,Karen Friedman Agnifilo,unreviewed,,NYPD,,,,,,
what-the-numbers-miss-about-gun-crimes,2023-09-27T16:00:21,What the Numbers Miss,https://www.vitalcitynyc.org/what-the-numbers-miss-about-gun-crimes/,Jeff Asher,unreviewed,,FBI,,,,,,
when-city-streets-really-are-war-zones,2023-09-27T16:00:21,When City Streets Really Are War Zones,https://www.vitalcitynyc.org/when-city-streets-really-are-war-zones/,Aaron Chalfin,unreviewed,,,,,,,,
making-a-federal-case-out-of-a-local-shooting,2023-09-27T16:00:21,Making a Federal Case out of a Local Shooting,https://www.vitalcitynyc.org/making-a-federal-case-out-of-a-local-shooting/,Drew Skinner,unreviewed,,NYPD; White House,,,,,,
the-public-square-issue-5,2023-09-27T16:00:21,The Public Square,https://www.vitalcitynyc.org/the-public-square-issue-5/,Ted Alcorn,unreviewed,,DYCD; NYPD; White House; ATF; Mayor's Office; Public Advocate; State AG; Supreme Court,,,,,,
tracie-keesee-interview,2023-09-27T16:00:21,We All Have Work to Do: A Conversation With Tracie Keesee,https://www.vitalcitynyc.org/tracie-keesee-interview/,No byline,unreviewed,,NYPD; City Council,,,,,,
police-neglect-and-why-many-young-black-men-carry-guns,2023-09-27T16:00:21,Arms and the Men,https://www.vitalcitynyc.org/police-neglect-and-why-many-young-black-men-carry-guns/,Joseph Richardson Jr.,unreviewed,,District Attorney,,,,,,
james-essig-interview,2023-09-27T16:00:21,Focus on Serving Neighborhoods: A Conversation With James Essig,https://www.vitalcitynyc.org/james-essig-interview/,No byline,unreviewed,,NYPD; CCRB; ICE,,,,,,
teach-officers-how-to-listen,2023-09-27T16:00:21,Teach Officers How to Listen,https://www.vitalcitynyc.org/teach-officers-how-to-listen/,Josiah Bates,unreviewed,,,,,,,,
what-the-numbers-tell-us-about-gun-crimes,2023-09-27T16:00:21,What the Numbers Tell Us,https://www.vitalcitynyc.org/what-the-numbers-tell-us-about-gun-crimes/,No byline,unreviewed,,,,,,,,
what-we-are-reading-issue-5,2023-09-27T16:00:21,What We're Reading,https://www.vitalcitynyc.org/what-we-are-reading-issue-5/,Greg Berman,unreviewed,,NYPD,,,,,,
six-ways-new-york-can-spare-more-people-from-shootings,2023-09-27T16:00:21,"Brass Tacks: Bill Bratton, Joseph Zayas and others propose policies and programs that could make a difference now",https://www.vitalcitynyc.org/six-ways-new-york-can-spare-more-people-from-shootings/,No byline,unreviewed,,NYPD; Supreme Court,,,,,,
editors-note-issue-5,2023-09-27T16:00:21,Editors' Note,https://www.vitalcitynyc.org/editors-note-issue-5/,Elizabeth Glazer,unreviewed,,NYPD; FBI; DEA; ATF,,,,,,
eric-adams-interview,2023-09-27T16:00:21,New York City vs. Guns: A Conversation With Eric Adams,https://www.vitalcitynyc.org/eric-adams-interview/,No byline,unreviewed,,DYCD; NYPD; DOC; DOE; FDNY; City Council; Mayor's Office; Supreme Court,,,,,,
police-management-matters-a-lot,2023-09-27T16:09:00,Police Management Matters a Lot,https://www.vitalcitynyc.org/police-management-matters-a-lot/,Kenneth Corey,unreviewed,,NYPD,,,,,,
what-police-can-do-differently-to-save-lives,2023-09-27T16:10:00,Cops Are Crucial,https://www.vitalcitynyc.org/what-police-can-do-differently-to-save-lives/,Anthony A. Braga,unreviewed,,Supreme Court,,,,,,
floodproofing-new-york-city,2023-10-12T18:00:08,The Floods Next Time,https://www.vitalcitynyc.org/floodproofing-new-york-city/,Amy Chester,unreviewed,,DEP; DOT; DOB; DPR; HUD,,,,,,
stuck-on-utopia-parkway,2023-10-18T17:00:00,Stuck on Utopia Parkway,https://www.vitalcitynyc.org/stuck-on-utopia-parkway/,Wade Graham,unreviewed,,FBI,,,,,,
responding-to-troubled-men-on-the-street,2023-11-01T17:00:11,In Good Conscience: Responding to Troubled Men on the Street,https://www.vitalcitynyc.org/responding-to-troubled-men-on-the-street/,Josh Greenman,unreviewed,,NYPD; DOE; DHS,,,,,,
a-one-city-solution,2023-11-08T18:00:03,A One City Solution,https://www.vitalcitynyc.org/a-one-city-solution/,Vishaan Chakrabarti,unreviewed,,,,,,,,
unraveling-the-threads-of-americas-gun-culture,2023-11-15T18:00:00,Unraveling the Threads of America’s Gun Culture,https://www.vitalcitynyc.org/unraveling-the-threads-of-americas-gun-culture/,Megan Kang,unreviewed,,,,,,,,
fixing-new-york-citys-jails-a-federal-receiver-panel-one,2023-11-20T20:59:28,The Cook County Story,https://www.vitalcitynyc.org/fixing-new-york-citys-jails-a-federal-receiver-panel-one/,No byline,unreviewed,,,,,,,,
fixing-new-york-citys-jails-a-federal-receiver-remarks,2023-11-20T20:59:28,Fixing New York City's Jails: A Federal Receiver? (Remarks on Receivership),https://www.vitalcitynyc.org/fixing-new-york-citys-jails-a-federal-receiver-remarks/,Sara Norman,unreviewed,,,,,,,,
fixing-new-york-citys-jails-a-federal-receiver-opening,2023-11-20T20:59:28,Fixing New York City's Jails: A Federal Receiver? (Opening Remarks),https://www.vitalcitynyc.org/fixing-new-york-citys-jails-a-federal-receiver-opening/,Vincent Schiraldi,unreviewed,,Mayor's Office; DOC,,,,,,
fixing-new-york-citys-jails-a-federal-receiver-panel,2023-11-20T20:59:28,How Could Cook County’s Experience Apply to the New York City Jails,https://www.vitalcitynyc.org/fixing-new-york-citys-jails-a-federal-receiver-panel/,No byline,unreviewed,,ACS; City Council; State AG; DOC,,,,,,
fixing-new-york-citys-jails-a-federal-receiver-closing-remarks,2023-11-20T21:22:57,Fixing New York City's Jails: A Federal Receiver? (Closing Remarks),https://www.vitalcitynyc.org/fixing-new-york-citys-jails-a-federal-receiver-closing-remarks/,Elizabeth Glazer,unreviewed,,,,,,,,
are-nycs-jails-ungovernable-opening-remarks,2023-11-21T20:27:25,Setting the Stage,https://www.vitalcitynyc.org/are-nycs-jails-ungovernable-opening-remarks/,Elizabeth Glazer,unreviewed,,,,,,,,
lessons-on-receivership-in-correctional-settings,2023-11-21T20:30:25,Lessons on Receivership in Correctional Settings,https://www.vitalcitynyc.org/lessons-on-receivership-in-correctional-settings/,Hernandez Stroud,unreviewed,,Supreme Court,,,,,,
what-does-it-take-to-govern-the-jails,2023-11-21T20:33:19,What Does it Take to Govern the Jails?,https://www.vitalcitynyc.org/what-does-it-take-to-govern-the-jails/,No byline,unreviewed,,City Council; DOJ,,,,,,
why-oversight-matters,2023-11-21T20:34:47,Death in Darkness: Why Oversight Matters,https://www.vitalcitynyc.org/why-oversight-matters/,No byline,unreviewed,,DOC; Mayor's Office; DOI; NYPD; City Council; District Attorney; Five Borough DAs,,,,,,
are-nycs-jails-ungovernable-closing-remarks,2023-11-21T20:41:04,Are NYC's Jails Ungovernable? (Closing Remarks),https://www.vitalcitynyc.org/are-nycs-jails-ungovernable-closing-remarks/,No byline,unreviewed,,,,,,,,
e-bike-fires-in-new-york-city,2023-11-29T18:00:00,"Hot Food, Burning Buildings, Greedy Companies, Weak Government",https://www.vitalcitynyc.org/e-bike-fires-in-new-york-city/,Harry Siegel,unreviewed,,FDNY; NYPD; City Council; Mayor's Office; FBI,,,,,,
improving-new-york-public-transit-for-less,2023-12-06T18:12:35,Improving New York Public Transit for Less,https://www.vitalcitynyc.org/improving-new-york-public-transit-for-less/,Jake Berman,unreviewed,,MTA,,,,,,
margaret-haney-interview,2023-12-13T16:58:00,How Weed Works: A Conversation With Margaret Haney,https://www.vitalcitynyc.org/margaret-haney-interview/,No byline,unreviewed,,DEA,,,,,,
the-good-substances-do,2023-12-13T16:59:00,Highs and Lows and In-Betweens,https://www.vitalcitynyc.org/the-good-substances-do/,Daliah Heller,unreviewed,,,,,,,,
the-rise-and-rise-of-fentanyl,2023-12-13T16:59:00,The Rise (and Rise) of Fentanyl,https://www.vitalcitynyc.org/the-rise-and-rise-of-fentanyl/,Peter Reuter,unreviewed,,,,,,,,
drugs-in-new-york-city-by-the-numbers,2023-12-13T17:00:00,Drugs in New York City: By the Numbers,https://www.vitalcitynyc.org/drugs-in-new-york-city-by-the-numbers/,No byline,unreviewed,,,,,,,,
the-drug-war-race-and-reality,2023-12-13T17:00:00,The Drug War: Race and Reality,https://www.vitalcitynyc.org/the-drug-war-race-and-reality/,Michael Javen Fortner,unreviewed,,Congress; NYPD; City Council; State Legislature,,,,,,
history-of-opioids-in-new-york-city,2023-12-13T17:01:34,When Gotham Was Heroin's Capital,https://www.vitalcitynyc.org/history-of-opioids-in-new-york-city/,David Courtwright,unreviewed,,Congress,,,,,,
the-explosion-of-online-drug-marketplaces,2023-12-13T17:01:34,A Narcotics Everything Store,https://www.vitalcitynyc.org/the-explosion-of-online-drug-marketplaces/,Alex Knorre,unreviewed,,FBI,,,,,,
how-new-york-can-learn-from-the-tobacco-settlement,2023-12-13T17:01:34,Spending the Opioid Billions,https://www.vitalcitynyc.org/how-new-york-can-learn-from-the-tobacco-settlement/,Sara Whaley,unreviewed,,,,,,,,
learning-from-decriminalization-portland-and-portugal,2023-12-13T17:01:34,"Portland, Portugal and the Lessons of Decriminalization",https://www.vitalcitynyc.org/learning-from-decriminalization-portland-and-portugal/,Morgan Godvin,unreviewed,,District Attorney; Supreme Court,,,,,,
the-public-square-issue-6,2023-12-13T17:01:34,The Public Square,https://www.vitalcitynyc.org/the-public-square-issue-6/,Ted Alcorn,unreviewed,,City Council; DOHMH; Mayor's Office; State Legislature; White House; Supreme Court,,,,,,
the-marijuana-reset-new-york-needs,2023-12-13T17:01:34,The Marijuana Reset New York Needs,https://www.vitalcitynyc.org/the-marijuana-reset-new-york-needs/,Errol Louis,unreviewed,,State Legislature; NYPD; City Council; District Attorney; ICE,,,,,,
the-real-reason-the-weed-market-is-broken,2023-12-13T17:01:34,The Real Reason the Weed Market is Broken,https://www.vitalcitynyc.org/the-real-reason-the-weed-market-is-broken/,Robin Goldstein,unreviewed,,City Council; State Legislature,,,,,,
sam-rivera-interview,2023-12-13T17:01:34,A Safe Space for Users: A Conversation With Sam Rivera,https://www.vitalcitynyc.org/sam-rivera-interview/,No byline,unreviewed,,NYPD,,,,,,
the-failures-of-alcohol-regulation,2023-12-13T17:01:34,The Failures of Alcohol Regulation,https://www.vitalcitynyc.org/the-failures-of-alcohol-regulation/,David Jernigan,unreviewed,,Congress; White House,,,,,,
putting-the-humility-back-in-harm-reduction,2023-12-13T17:01:34,Putting More Humility in Harm Reduction,https://www.vitalcitynyc.org/putting-the-humility-back-in-harm-reduction/,Harold Pollack,unreviewed,,Congress,,,,,,
harm-reduction-save-lives,2023-12-13T17:01:34,"Reduce Harm, Save Lives",https://www.vitalcitynyc.org/harm-reduction-save-lives/,Maia Szalavitz,unreviewed,,,,,,,,
how-drugs-hurt-or-helped-me,2023-12-13T17:01:34,How Drugs Hurt or Helped Me,https://www.vitalcitynyc.org/how-drugs-hurt-or-helped-me/,No byline,unreviewed,,ACS,,,,,,
paving-pathways-to-recovery-for-all,2023-12-13T17:01:34,Paving Pathways to Recovery for All,https://www.vitalcitynyc.org/paving-pathways-to-recovery-for-all/,Terrence D. Walton,unreviewed,,,,,,,,
what-we-are-reading-issue-6,2023-12-13T17:01:34,What We're Reading,https://www.vitalcitynyc.org/what-we-are-reading-issue-6/,Greg Berman,unreviewed,,,,,,,,
daniel-okrent-interview,2023-12-13T17:01:34,There’s No Closing the Tap: A Conversation With Daniel Okrent,https://www.vitalcitynyc.org/daniel-okrent-interview/,No byline,unreviewed,,,,,,,,
law-enforcement-against-fentanyl,2023-12-13T17:01:34,How Law Enforcement Should Fight Fentanyl,https://www.vitalcitynyc.org/law-enforcement-against-fentanyl/,Bridget G. Brennan,unreviewed,,NYPD; DEA,,,,,,
the-drug-war-without-cops,2023-12-13T17:01:34,The Drug War Without Cops,https://www.vitalcitynyc.org/the-drug-war-without-cops/,Charles Fain Lehman,unreviewed,,Supreme Court,,,,,,
are-psychedelics-the-next-frontier-of-legalization,2023-12-13T17:01:34,The Next Frontier of Legalization,https://www.vitalcitynyc.org/are-psychedelics-the-next-frontier-of-legalization/,Beau Kilmer,unreviewed,,DOJ; DEA; Congress,,,,,,
the-right-role-for-police-in-the-opioid-crisis,2023-12-13T17:01:34,The Right Role for Police,https://www.vitalcitynyc.org/the-right-role-for-police-in-the-opioid-crisis/,Brandon del Pozo,unreviewed,,NYPD; FDNY,,,,,,
editors-note-issue-6,2023-12-13T17:03:00,Editors’ Note,https://www.vitalcitynyc.org/editors-note-issue-6/,Greg Berman,unreviewed,,,,,,,,
is-family-court-worth-saving,2024-01-04T19:00:04,Is Family Court Worth Saving?,https://www.vitalcitynyc.org/is-family-court-worth-saving/,Liberty Aldrich,unreviewed,,Supreme Court,,,,,,
the-lawless-state-of-new-yorks-streets,2024-01-11T18:00:00,The Lawless State of New York’s Streets,https://www.vitalcitynyc.org/the-lawless-state-of-new-yorks-streets/,Benjamin Arnav,unreviewed,,NYPD; DOT; City Council,,,,,,
why-family-court-cant-be-saved,2024-01-25T19:30:02,Why Family Court Can’t Be Saved,https://www.vitalcitynyc.org/why-family-court-cant-be-saved/,Jane M. Spinak,unreviewed,,Supreme Court,,,,,,
taking-control-of-new-yorks-budgetary-future,2024-01-26T17:00:04,Taking Control of New York’s Budgetary Future,https://www.vitalcitynyc.org/taking-control-of-new-yorks-budgetary-future/,Ana Champeny,unreviewed,,State Legislature,,,,,,
the-citys-jails-the-crises-in-numbers,2024-01-31T21:30:17,How Violence Rules Rikers,https://www.vitalcitynyc.org/the-citys-jails-the-crises-in-numbers/,No byline,unreviewed,,DOC; NYPD; DSNY; FDNY; Comptroller,,,,,,
the-citys-new-rikers-math,2024-02-13T10:00:01,New York City’s New Jail Population Math,https://www.vitalcitynyc.org/the-citys-new-rikers-math/,No byline,unreviewed,,DOC; City Council; Mayor's Office,,,,,,
eric-klinenberg-interview,2024-02-13T15:01:14,How COVID Changed Us All: A Conversation with Eric Klinenberg,https://www.vitalcitynyc.org/eric-klinenberg-interview/,"Jay K. Varma, MD",unreviewed,,MTA,,,,,,
learning-about-shot-spotter-from-chicago,2024-02-21T20:00:06,Learning about ShotSpotter — and Gun Violence — from Chicago,https://www.vitalcitynyc.org/learning-about-shot-spotter-from-chicago/,Eric L. Piza,unreviewed,,NYPD,,,,,,
cannabis-at-the-crossroads,2024-02-22T12:30:00,Cannabis at the Crossroads,https://www.vitalcitynyc.org/cannabis-at-the-crossroads/,Errol Louis,unreviewed,,Comptroller; Public Advocate; State AG; Congress,,,,,,
how-will-how-many-stops-actually-work,2024-02-22T21:00:04,How Will ‘How Many Stops’ Actually Work?,https://www.vitalcitynyc.org/how-will-how-many-stops-actually-work/,No byline,unreviewed,,NYPD; CCRB; Public Advocate; City Council; MTA; NY Court of Appeals; Supreme Court,,,,,,
all-crime-is-local-and-solutions-must-be-too,2024-02-28T19:00:05,"All Crime is Local — Solutions Must Be, Too",https://www.vitalcitynyc.org/all-crime-is-local-and-solutions-must-be-too/,Nancy La Vigne,unreviewed,,FBI,,,,,,
what-crime-stats-fail-to-show,2024-02-28T19:00:05,What Crime Stats Fail to Show,https://www.vitalcitynyc.org/what-crime-stats-fail-to-show/,Rafael Mangual,unreviewed,,NYPD; MTA,,,,,,
crime-perceptions-and-reality-in-new-york,2024-02-28T19:00:05,The Feeling That Won't Go Away,https://www.vitalcitynyc.org/crime-perceptions-and-reality-in-new-york/,Don Levy,unreviewed,,NYPD,,,,,,
what-will-happen-in-2024,2024-02-28T19:00:05,What Will Happen in 2024?,https://www.vitalcitynyc.org/what-will-happen-in-2024/,No byline,unreviewed,,,,,,,,
forecasting-new-york-city-crime-in-2024,2024-02-28T19:00:05,Forecasting New York City Crime in 2024,https://www.vitalcitynyc.org/forecasting-new-york-city-crime-in-2024/,John K. Roman,unreviewed,,,,,,,,
two-big-thoughts-about-the-steep-crime-drop,2024-02-28T19:00:05,Two Big Thoughts About the Steep Crime Drop,https://www.vitalcitynyc.org/two-big-thoughts-about-the-steep-crime-drop/,John Pfaff,unreviewed,,FBI,,,,,,
new-yorks-iron-pipeline-problem,2024-02-28T19:00:05,New York's Iron Pipeline Problem,https://www.vitalcitynyc.org/new-yorks-iron-pipeline-problem/,Morgan C. Williams Jr.,unreviewed,,ATF; FBI; State AG,,,,,,
homicide-life-in-the-stats,2024-02-28T19:00:05,Homicide: Life in the Stats,https://www.vitalcitynyc.org/homicide-life-in-the-stats/,Peter Moskos,unreviewed,,,,,,,,
michael-lipetri-interview,2024-02-28T19:00:05,What’s Beneath New York’s Numbers: A Conversation with Michael LiPetri,https://www.vitalcitynyc.org/michael-lipetri-interview/,No byline,unreviewed,,District Attorney; NYPD,,,,,,
a-safer-city-and-nation-with-asterisks,2024-02-28T19:00:05,"A Safer City and Nation, With Asterisks",https://www.vitalcitynyc.org/a-safer-city-and-nation-with-asterisks/,Aaron Chalfin,unreviewed,,NYPD,,,,,,
maricopas-slap-at-alvin-bragg-plays-politics-with-peoples-lives,2024-02-28T19:53:04,Maricopa’s Slap at Alvin Bragg Plays Politics With People’s Lives,https://www.vitalcitynyc.org/maricopas-slap-at-alvin-bragg-plays-politics-with-peoples-lives/,Karen Friedman Agnifilo,unreviewed,,District Attorney; NYPD; Five Borough DAs,,,,,,
five-myths-about-mayoral-control,2024-03-06T18:00:05,Five Myths About Mayoral Control,https://www.vitalcitynyc.org/five-myths-about-mayoral-control/,David Bloomfield,unreviewed,,City Council; State Legislature; DOE; Congress; Mayor's Office; Supreme Court,,,,,,
surging-the-guard-wont-safeguard-the-subways,2024-03-07T19:00:25,Surging the Guard Won’t Safeguard the Subways,https://www.vitalcitynyc.org/surging-the-guard-wont-safeguard-the-subways/,Brandon del Pozo,unreviewed,,NYPD; MTA,,,,,,
what-jail-population-projections-tell-you-about-a-governments-aspirations,2024-03-12T16:57:00,What Jail Population Projections Tell You About a Government’s Aspirations,https://www.vitalcitynyc.org/what-jail-population-projections-tell-you-about-a-governments-aspirations/,Michael Jacobson,unreviewed,,DOC,,,,,,
people-with-serious-mental-illness-need-housing-not-jail,2024-03-12T16:57:00,"People With Serious Mental Illness Need Housing, Not Jail",https://www.vitalcitynyc.org/people-with-serious-mental-illness-need-housing-not-jail/,Daniel Ades,unreviewed,,District Attorney,,,,,,
the-citys-new-jail-population-math,2024-03-12T16:58:00,The City's New Jail Population Math,https://www.vitalcitynyc.org/the-citys-new-jail-population-math/,No byline,unreviewed,,DOC; City Council; Mayor's Office,,,,,,
humanize-every-incarcerated-person,2024-03-12T16:59:00,Humanize Every Incarcerated Person,https://www.vitalcitynyc.org/humanize-every-incarcerated-person/,Lauren Stossel,unreviewed,,DOC,,,,,,
a-jail-population-of-3700-or-lower-is-achievable,2024-03-12T16:59:00,"A Jail Population of 3,700 or Lower is Achievable",https://www.vitalcitynyc.org/a-jail-population-of-3700-or-lower-is-achievable/,Michael Rempel,unreviewed,,DOC; District Attorney; Supreme Court,,,,,,
improving-carceral-care,2024-03-12T17:00:00,Improving Carceral Care,https://www.vitalcitynyc.org/improving-carceral-care/,Patsy Yang,unreviewed,,DOC; DOHMH,,,,,,
want-smaller-jails-unstick-criminal-proceedings,2024-03-12T17:00:00,Want Smaller Jails? Unstick Criminal Proceedings,https://www.vitalcitynyc.org/want-smaller-jails-unstick-criminal-proceedings/,Joseph A. Zayas,unreviewed,,Supreme Court; NYPD; Mayor's Office; District Attorney,,,,,,
could-our-jails-be-a-civic-asset,2024-03-12T17:00:00,Could Our Jails Be a Civic Asset?,https://www.vitalcitynyc.org/could-our-jails-be-a-civic-asset/,Elizabeth Glazer,unreviewed,,City Council; NYPD; DOC; Mayor's Office,,,,,,
chidinma-ume-erin-pilnyak-interview,2024-03-12T17:00:00,Turning the Gears of Justice: A Conversation with Chidinma Ume and Erin Pilnyak,https://www.vitalcitynyc.org/chidinma-ume-erin-pilnyak-interview/,No byline,unreviewed,,DOC; Mayor's Office; Supreme Court; NYPD,,,,,,
how-long-people-stay-is-the-problem,2024-03-12T17:00:00,How Long People Stay is the Problem,https://www.vitalcitynyc.org/how-long-people-stay-is-the-problem/,Michael Jacobson,unreviewed,,DOC; Supreme Court,,,,,,
a-brief-history-of-the-3300-target,2024-03-12T17:00:00,"Pick a Number: The Facts and Politics Behind New York City Limiting the Jail Population to 3,300 People",https://www.vitalcitynyc.org/a-brief-history-of-the-3300-target/,Elizabeth Glazer,unreviewed,,Mayor's Office; District Attorney; DOC; City Council; State Legislature,,,,,,
who-gets-locked-up-and-why-a-data-story,2024-03-12T17:00:00,Who Gets Locked Up and Why: A Data Story,https://www.vitalcitynyc.org/who-gets-locked-up-and-why-a-data-story/,No byline,unreviewed,,DOC; State Legislature,,,,,,
letting-more-people-await-trial-outside-jail,2024-03-12T17:00:00,Letting More People Await Trial Outside Jail,https://www.vitalcitynyc.org/letting-more-people-await-trial-outside-jail/,Miriam Popper,unreviewed,,Mayor's Office,,,,,,
whats-the-plan,2024-03-12T17:00:00,What's the Plan?,https://www.vitalcitynyc.org/whats-the-plan/,An Infographic,unreviewed,,City Council; DDC; NYS DEC,,,,,,
the-perils-and-necessity-of-jail-population-forecasting,2024-03-12T17:00:00,"It’s Tough to Make Predictions, Especially About the Future",https://www.vitalcitynyc.org/the-perils-and-necessity-of-jail-population-forecasting/,Alex R. Piquero,unreviewed,,,,,,,,
strengthening-supervised-release,2024-03-12T17:00:00,Strengthening Supervised Release,https://www.vitalcitynyc.org/strengthening-supervised-release/,Aubrey Fox,unreviewed,,,,,,,,
who-winds-up-in-jail-and-why,2024-03-12T17:00:00,Who Winds Up in Jail and Why,https://www.vitalcitynyc.org/who-winds-up-in-jail-and-why/,An Infographic,unreviewed,,,,,,,,
new-york-needs-more-than-3300-jail-beds,2024-03-12T17:00:00,"New York Needs More Than 3,300 Jail Beds",https://www.vitalcitynyc.org/new-york-needs-more-than-3300-jail-beds/,Charles Fain Lehman,unreviewed,,City Council; DOC; DCP,,,,,,
michael-rempel-technical-appendix,2024-03-12T17:00:00,"A Jail Population of 3,700 or Lower is Achievable: Technical Appendix",https://www.vitalcitynyc.org/michael-rempel-technical-appendix/,Michael Rempel,unreviewed,,,,,,,,
how-the-jail-population-can-be-reduced-safely,2024-03-12T19:00:00,What Increases or Decreases the Number of People in Jail,https://www.vitalcitynyc.org/how-the-jail-population-can-be-reduced-safely/,An Infographic,unreviewed,,,,,,,,
what-la-guardia-gave-new-york,2024-03-18T17:06:19,What La Guardia Gave New York,https://www.vitalcitynyc.org/what-la-guardia-gave-new-york/,Kim Phillips-Fein,unreviewed,,Congress; State Legislature; White House,,,,,,
new-york-city-crime-beyond-the-numbers,2024-03-22T17:45:49,New York City Crime Beyond the Numbers,https://www.vitalcitynyc.org/new-york-city-crime-beyond-the-numbers/,Josh Greenman,unreviewed,,NYPD,,,,,,
the-case-for-optimism,2024-03-27T15:50:00,The Case for Optimism,https://www.vitalcitynyc.org/the-case-for-optimism/,Marc A. Levin,unreviewed,,,,,,,,
the-world-is-hard-to-change,2024-03-27T15:55:00,The World is Hard to Change,https://www.vitalcitynyc.org/the-world-is-hard-to-change/,Matt Grossmann,unreviewed,,,,,,,,
welcome-to-oz-a-look-behind-the-government-curtain,2024-03-27T15:55:00,Welcome to Oz: A Look Behind the Government Curtain,https://www.vitalcitynyc.org/welcome-to-oz-a-look-behind-the-government-curtain/,Candice C. Jones,unreviewed,,OMB,,,,,,
what-is-gold-standard-evidence-anyway,2024-03-27T15:57:00,"What Is ‘Gold Standard’ Evidence, Anyway?",https://www.vitalcitynyc.org/what-is-gold-standard-evidence-anyway/,Anna Harvey,unreviewed,,,,,,,,
the-limits-of-death-star-thinking,2024-03-27T15:59:00,The Limits of Death Star Thinking,https://www.vitalcitynyc.org/the-limits-of-death-star-thinking/,Jennifer Pahlka,unreviewed,,,,,,,,
what-really-drives-policy,2024-03-27T16:00:00,What Really Drives Policy?,https://www.vitalcitynyc.org/what-really-drives-policy/,Elizabeth Glazer,unreviewed,,DOT; District Attorney,,,,,,
confronting-radical-uncertainty,2024-03-27T16:00:06,Confronting Radical Uncertainty,https://www.vitalcitynyc.org/confronting-radical-uncertainty/,Tracy Palandjian,unreviewed,,,,,,,,
the-precautionary-principle,2024-03-27T16:00:06,The Precautionary Principle,https://www.vitalcitynyc.org/the-precautionary-principle/,John MacDonald,unreviewed,,,,,,,,
how-the-sausage-gets-made-a-primer,2024-03-27T16:00:06,How the Sausage Gets Made: A Primer,https://www.vitalcitynyc.org/how-the-sausage-gets-made-a-primer/,Mark M. Gray,unreviewed,,,,,,,,
jimmy-breslin-and-the-lost-rhythm-of-new-york,2024-03-27T16:00:06,Jimmy Breslin and the Lost Rhythm of New York,https://www.vitalcitynyc.org/jimmy-breslin-and-the-lost-rhythm-of-new-york/,Harry Siegel,unreviewed,,,,,,,,
fixing-the-research-to-policy-pipeline,2024-03-27T16:00:06,Fixing the Research-to-Policy Pipeline,https://www.vitalcitynyc.org/fixing-the-research-to-policy-pipeline/,Jennifer Doleac,unreviewed,,,,,,,,
when-cant-miss-programs-fail,2024-03-27T16:00:06,When ‘Can’t Miss’ Programs Fail,https://www.vitalcitynyc.org/when-cant-miss-programs-fail/,Jeffrey Liebman,unreviewed,,,,,,,,
its-hard-to-change-people,2024-03-27T16:00:06,It’s Hard to Change People,https://www.vitalcitynyc.org/its-hard-to-change-people/,Alex Tabarrok,unreviewed,,,,,,,,
the-research-that-changed-my-thinking,2024-03-27T16:00:06,The Research That Changed My Thinking,https://www.vitalcitynyc.org/the-research-that-changed-my-thinking/,No byline,unreviewed,,OMB; DOC; Mayor's Office,,,,,,
raising-the-bar-and-ending-an-era-of-low-expectations,2024-03-27T16:00:06,Raising the Bar: Ending an Era of Low Expectations,https://www.vitalcitynyc.org/raising-the-bar-and-ending-an-era-of-low-expectations/,John Arnold,unreviewed,,,,,,,,
democracy-of-evidence,2024-03-27T16:01:00,Democracy of Evidence,https://www.vitalcitynyc.org/democracy-of-evidence/,Richard Hahn,unreviewed,,,,,,,,
causal-research-more-not-less,2024-03-27T16:01:00,"Causal Research: More, Not Less",https://www.vitalcitynyc.org/causal-research-more-not-less/,Kerri M. Raissian,unreviewed,,District Attorney,,,,,,
why-does-reform-fail,2024-03-27T16:02:00,Why Does Reform Fail?,https://www.vitalcitynyc.org/why-does-reform-fail/,John Maki,unreviewed,,,,,,,,
the-hubris-of-social-scientists,2024-03-27T16:03:00,The Hubris of Social Scientists,https://www.vitalcitynyc.org/the-hubris-of-social-scientists/,Sherry Glied,unreviewed,,,,,,,,
the-abcs-of-policy-research,2024-03-27T16:04:00,The ABCs of Policy Research,https://www.vitalcitynyc.org/the-abcs-of-policy-research/,Chloe Gibbs,unreviewed,,,,,,,,
what-were-reading,2024-03-27T16:05:00,What We're Reading,https://www.vitalcitynyc.org/what-were-reading/,Greg Berman,unreviewed,,,,,,,,
the-public-square-issue-7,2024-03-27T16:05:00,The Public Square,https://www.vitalcitynyc.org/the-public-square-issue-7/,Ted Alcorn,unreviewed,,Mayor's Office; City Council; NYPD; State AG; Public Advocate,,,,,,
is-transformational-change-the-only-thing-that-matters,2024-03-27T16:05:00,Is Transformational Change the Only Thing That Matters?,https://www.vitalcitynyc.org/is-transformational-change-the-only-thing-that-matters/,Aaron Chalfin,unreviewed,,,,,,,,
data-in-garbage-out,2024-03-27T16:10:00,"Data In, Garbage Out",https://www.vitalcitynyc.org/data-in-garbage-out/,Jonathan Rauch,unreviewed,,,,,,,,
editors-note-issue-7,2024-03-27T16:10:00,Editors’ Note,https://www.vitalcitynyc.org/editors-note-issue-7/,Elizabeth Glazer,unreviewed,,,,,,,,
incrementalism-beats-yolo,2024-03-27T16:15:00,Incrementalism Beats YOLO,https://www.vitalcitynyc.org/incrementalism-beats-yolo/,Philip J. Cook,unreviewed,,HUD,,,,,,
new-york-needs-remedial-education-in-civic-tech,2024-04-10T13:05:00,New York Needs Remedial Education in Civic Tech,https://www.vitalcitynyc.org/new-york-needs-remedial-education-in-civic-tech/,Hana Schank,unreviewed,,DOE; Mayor's Office,,,,,,
saved-by-the-camera,2024-04-10T16:02:34,Saved By the Camera,https://www.vitalcitynyc.org/saved-by-the-camera/,Nicole Gelinas,unreviewed,,NYPD; State Legislature,,,,,,
can-new-york-become-a-city-of-yes,2024-04-17T18:33:50,Can New York Become a City of Yes?,https://www.vitalcitynyc.org/can-new-york-become-a-city-of-yes/,Jason M. Barr,unreviewed,,State Legislature,,,,,,
understanding-the-new-york-news-subsidy,2024-04-25T13:00:05,"Extra, Extra: Understanding the New York News Subsidy",https://www.vitalcitynyc.org/understanding-the-new-york-news-subsidy/,Richard J. Tofel,unreviewed,,,,,,,,
when-zoning-goes-too-far,2024-04-29T16:00:18,When Zoning Goes Too Far,https://www.vitalcitynyc.org/when-zoning-goes-too-far/,Daniel Garodnick,unreviewed,,DCP; City Council; Mayor's Office,,,,,,
new-yorks-new-housing-deal-a-significant-win-for-tenants,2024-04-30T13:02:00,New York’s New Housing Deal: A Significant Win for Tenants,https://www.vitalcitynyc.org/new-yorks-new-housing-deal-a-significant-win-for-tenants/,Ross Barkan,unreviewed,,State Legislature; Governor,,,,,,
smarter-parking-policy-please,2024-05-01T12:40:00,"Smarter Parking Policy, Please",https://www.vitalcitynyc.org/smarter-parking-policy-please/,Henry Grabar,unreviewed,,MTA; DOT; State Legislature,,,,,,
build-better-for-bicyclists,2024-05-01T12:45:00,Build Better for Bicyclists,https://www.vitalcitynyc.org/build-better-for-bicyclists/,Vishaan Chakrabarti,unreviewed,,City Council; MTA; State Legislature,,,,,,
serve-the-walkers,2024-05-01T12:50:00,Serve the Walkers,https://www.vitalcitynyc.org/serve-the-walkers/,Nicole Gelinas,unreviewed,,DOT; MTA; NYPD; DOB; City Council; State Legislature; ICE,,,,,,
offer-riders-a-better-deal,2024-05-01T12:55:00,Offer Riders a Better Deal,https://www.vitalcitynyc.org/offer-riders-a-better-deal/,Howard Yaruss,unreviewed,,MTA; NYPD; Comptroller,,,,,,
the-long-and-winding-road,2024-05-01T13:00:21,The Long and Winding Road,https://www.vitalcitynyc.org/the-long-and-winding-road/,John Surico,unreviewed,,MTA; State Legislature; Congress; White House,,,,,,
risks-outside-the-zone,2024-05-01T13:00:21,Risks Outside the Zone,https://www.vitalcitynyc.org/risks-outside-the-zone/,Austin Celestin,unreviewed,,MTA; DOT; City Council; State Legislature,,,,,,
invest-in-transit-the-right-way,2024-05-01T13:00:21,Invest in Transit the Right Way,https://www.vitalcitynyc.org/invest-in-transit-the-right-way/,Alon Levy,unreviewed,,MTA,,,,,,
congestion-pricing-an-explainer,2024-05-01T13:05:00,Congestion Pricing: An Explainer,https://www.vitalcitynyc.org/congestion-pricing-an-explainer/,Josh Greenman,unreviewed,,MTA; DOT; Congress; White House,,,,,,
business-fears-real-and-imagined,2024-05-01T13:05:00,"Business Fears, Real and Imagined",https://www.vitalcitynyc.org/business-fears-real-and-imagined/,Rebecca Baird-Remba,unreviewed,,MTA; City Council,,,,,,
beware-of-potholes,2024-05-01T13:10:00,Beware of Potholes,https://www.vitalcitynyc.org/beware-of-potholes/,Sam Schwartz,unreviewed,,MTA; Comptroller; White House,,,,,,
willets-point-and-the-making-of-a-neighborhood,2024-05-07T16:05:33,Willets Point and the Making of a Neighborhood,https://www.vitalcitynyc.org/willets-point-and-the-making-of-a-neighborhood/,Ben Hitchcock,unreviewed,,City Council; Mayor's Office; NYCHA; EDC,,,,,,
bring-vision-to-hochuls-mental-health-plans,2024-05-09T16:00:04,Bring Vision to Hochul’s Mental Health Plans,https://www.vitalcitynyc.org/bring-vision-to-hochuls-mental-health-plans/,Stephen Eide,unreviewed,,Governor; Mayor's Office; Comptroller,,,,,,
our-museums-ourselves,2024-05-14T14:17:41,"Our Museums, Ourselves",https://www.vitalcitynyc.org/our-museums-ourselves/,Bob Eckstein,unreviewed,,ICE,,,,,,
columbia-1968-commencement-address,2024-05-15T13:59:44,What is a University For?,https://www.vitalcitynyc.org/columbia-1968-commencement-address/,Richard Hofstadter,unreviewed,,,,,,,,
does-nothing-stop-a-bullet-like-a-job,2024-05-16T17:42:18,Does Nothing Stop a Bullet Like a Job?,https://www.vitalcitynyc.org/does-nothing-stop-a-bullet-like-a-job/,Jens Ludwig,unreviewed,,,,,,,,
peoples-perception-of-safety-on-subways,2024-05-30T12:59:00,"It’s the Subways, Stupid",https://www.vitalcitynyc.org/peoples-perception-of-safety-on-subways/,Tim Tompkins,unreviewed,,MTA,,,,,,
how-new-york-city-is-engaging-the-mentally-ill-underground,2024-05-30T15:01:40,How New York City is Engaging the Mentally Ill Underground,https://www.vitalcitynyc.org/how-new-york-city-is-engaging-the-mentally-ill-underground/,No byline,unreviewed,,MTA; DHS; State Legislature; State AG,,,,,,
destroying-affordable-housing-in-order-to-save-it,2024-06-05T17:30:00,Destroying Affordable Housing In Order To Save It,https://www.vitalcitynyc.org/destroying-affordable-housing-in-order-to-save-it/,Margery Perlmutter,unreviewed,,Mayor's Office; State Legislature,,,,,,
how-rare-is-crime-on-the-subway,2024-06-06T18:11:51,Crime on the New York City Subway: How Rare Is it Really?,https://www.vitalcitynyc.org/how-rare-is-crime-on-the-subway/,Aaron Chalfin,unreviewed,,MTA; NYPD,,,,,,
understanding-new-yorks-congestion-pricing-mess,2024-06-12T18:00:13,Understanding New York’s Congestion Pricing Mess,https://www.vitalcitynyc.org/understanding-new-yorks-congestion-pricing-mess/,No byline,unreviewed,,MTA; State Legislature; DOT; Comptroller; NYS DEC; Congress,,,,,,
how-london-and-stockholm-made-congestion-pricing-politics-work,2024-06-13T17:30:04,Congestion Pricing Lessons from London and Stockholm,https://www.vitalcitynyc.org/how-london-and-stockholm-made-congestion-pricing-politics-work/,Ben Furnas,unreviewed,,MTA,,,,,,
was-kathy-hochuls-congestion-pricing-calculation-good-or-bad-politics,2024-06-13T17:30:13,Was Kathy Hochul’s Congestion Move Good or Bad Politics?,https://www.vitalcitynyc.org/was-kathy-hochuls-congestion-pricing-calculation-good-or-bad-politics/,Bradley Honan,unreviewed,,Congress; State Legislature; MTA,,,,,,
does-evidence-matter-in-policy-making,2024-06-17T13:00:00,Does Evidence Matter in Policy Making?,https://www.vitalcitynyc.org/does-evidence-matter-in-policy-making/,Nancy La Vigne,unreviewed,,,,,,,,
without-congestion-pricing-a-hollowed-out-subway-investment-plan,2024-06-18T20:03:34,"Without Congestion Pricing, a Hollowed-Out Subway Capital Plan",https://www.vitalcitynyc.org/without-congestion-pricing-a-hollowed-out-subway-investment-plan/,Alon Levy,unreviewed,,MTA; Comptroller,,,,,,
the-titanium-law-of-evaluation,2024-06-19T14:00:03,The Titanium Law of Evaluation,https://www.vitalcitynyc.org/the-titanium-law-of-evaluation/,Nancy La Vigne,unreviewed,,State AG,,,,,,
governance-in-the-time-of-congestion,2024-06-24T17:00:05,Governance in the Time of Congestion,https://www.vitalcitynyc.org/governance-in-the-time-of-congestion/,Steven M. Cohen,unreviewed,,MTA; Governor; DOT; Mayor's Office; Comptroller; State Legislature; Congress,,,,,,
the-secret-ingredient-safe-pedestrian-friendly-streets,2024-06-26T15:35:00,"The Secret Ingredient: Safe, Pedestrian-Friendly Streets",https://www.vitalcitynyc.org/the-secret-ingredient-safe-pedestrian-friendly-streets/,Julia D. Day,unreviewed,,DOT; Mayor's Office,,,,,,
the-power-of-the-arts,2024-06-26T15:40:00,The Power of the Arts,https://www.vitalcitynyc.org/the-power-of-the-arts/,Shanta Thake,unreviewed,,,,,,,,
self-esteem-and-the-modern-city,2024-06-26T15:40:00,Self-Esteem and the Modern City,https://www.vitalcitynyc.org/self-esteem-and-the-modern-city/,Bradley Tusk,unreviewed,,DPR,,,,,,
how-we-speak-who-we-are,2024-06-26T15:45:00,"How We Speak, Who We Are",https://www.vitalcitynyc.org/how-we-speak-who-we-are/,Renée Blake,unreviewed,,,,,,,,
our-transit-tomorrow,2024-06-26T15:45:00,Our Transit Tomorrow,https://www.vitalcitynyc.org/our-transit-tomorrow/,Nicole Gelinas,unreviewed,,MTA; State Legislature,,,,,,
the-cultural-upside-of-a-downturn,2024-06-26T15:50:00,The Cultural Upside of a Downturn,https://www.vitalcitynyc.org/the-cultural-upside-of-a-downturn/,Jesse Rifkin,unreviewed,,NYPD,,,,,,
how-to-make-the-five-boroughs-better-for-parents-and-children,2024-06-26T15:50:00,How to Make the Five Boroughs Better for Parents and Children,https://www.vitalcitynyc.org/how-to-make-the-five-boroughs-better-for-parents-and-children/,Grace Rauh,unreviewed,,MTA; State Legislature,,,,,,
when-citizens-rescue-neighborhoods,2024-06-26T15:55:00,When Citizens Rescue Neighborhoods,https://www.vitalcitynyc.org/when-citizens-rescue-neighborhoods/,Eileen Markey,unreviewed,,HPD; DCP,,,,,,
office-conversions-easier-said-than-done,2024-06-26T15:55:00,"Office Conversions, Easier Said Than Done",https://www.vitalcitynyc.org/office-conversions-easier-said-than-done/,Arpit Gupta,unreviewed,,City Council; EDC,,,,,,
build-more-homes-for-families,2024-06-26T16:00:00,Build More Homes for Families,https://www.vitalcitynyc.org/build-more-homes-for-families/,Alicia Glen,unreviewed,,NYCHA; Mayor's Office,,,,,,
the-golden-age-of-crime-reduction-is-now,2024-06-26T16:00:00,The Golden Age of Crime Reduction Is Now,https://www.vitalcitynyc.org/the-golden-age-of-crime-reduction-is-now/,John K. Roman,unreviewed,,FBI,,,,,,
why-ill-probably-never-leave-new-york-city,2024-06-26T16:00:00,Why I’ll (Probably) Never Leave New York City,https://www.vitalcitynyc.org/why-ill-probably-never-leave-new-york-city/,No byline,unreviewed,,City Council; State AG; White House,,,,,,
what-we-are-reading-issue-8,2024-06-26T16:01:44,What We're Reading,https://www.vitalcitynyc.org/what-we-are-reading-issue-8/,Greg Berman,unreviewed,,,,,,,,
closing-the-racial-wealth-gap,2024-06-26T16:01:44,Closing the Racial Wealth Gap,https://www.vitalcitynyc.org/closing-the-racial-wealth-gap/,Majora Carter,unreviewed,,District Attorney; Five Borough DAs,,,,,,
gothams-boundless-ingenuity,2024-06-26T16:01:44,Gotham’s Boundless Ingenuity,https://www.vitalcitynyc.org/gothams-boundless-ingenuity/,Edward Glaeser,unreviewed,,Mayor's Office,,,,,,
cause-to-worry-reason-to-act,2024-06-26T16:01:44,"Cause to Worry, Reason to Act",https://www.vitalcitynyc.org/cause-to-worry-reason-to-act/,Stijn Van Nieuwerburgh,unreviewed,,,,,,,,
whither-the-black-exodus,2024-06-26T16:01:44,Whither the Black Exodus?,https://www.vitalcitynyc.org/whither-the-black-exodus/,Errol Louis,unreviewed,,State AG; City Council; Comptroller; Public Advocate; Congress,,,,,,
truth-in-budgeting-asap,2024-06-26T16:01:44,"Truth in Budgeting, ASAP",https://www.vitalcitynyc.org/truth-in-budgeting-asap/,Andrew Rein,unreviewed,,OMB; City Council; Mayor's Office,,,,,,
how-were-really-doing,2024-06-26T16:01:44,How We're Really Doing,https://www.vitalcitynyc.org/how-were-really-doing/,No byline,unreviewed,,,,,,,,
richard-florida-interview,2024-06-26T16:01:44,‘We Need to Make More New Yorks’: A Conversation With Richard Florida,https://www.vitalcitynyc.org/richard-florida-interview/,No byline,unreviewed,,,,,,,,
postcards-from-the-past,2024-06-26T16:01:44,Postcards from the Past,https://www.vitalcitynyc.org/postcards-from-the-past/,Harry Siegel,unreviewed,,,,,,,,
six-ideas-for-improving-affordability-in-new-york,2024-06-26T16:01:44,Six Ideas for Improving Affordability in New York,https://www.vitalcitynyc.org/six-ideas-for-improving-affordability-in-new-york/,Vicki Been,unreviewed,,NYCHA; City Council,,,,,,
editors-note-issue-8,2024-06-26T16:01:44,Editors’ Note,https://www.vitalcitynyc.org/editors-note-issue-8/,Elizabeth Glazer,unreviewed,,,,,,,,
the-public-square-issue-8,2024-06-26T16:01:44,The Public Square,https://www.vitalcitynyc.org/the-public-square-issue-8/,Ted Alcorn,unreviewed,,,,,,,,
how-architecture-can-create-community-or-isolation,2024-07-10T16:00:19,How Architecture Can Create Community — or Isolation,https://www.vitalcitynyc.org/how-architecture-can-create-community-or-isolation/,Anjulie Rao,unreviewed,,,,,,,,
times-square-good-times-square-bad,2024-07-18T18:30:13,"Times Square Good, Times Square Bad",https://www.vitalcitynyc.org/times-square-good-times-square-bad/,Nicole Gelinas,unreviewed,,,,,,,,
10-years-after-the-killing-of-eric-garner,2024-07-26T15:00:03,"A Decade After Garner's Death, an Explosion of Knowledge — But Limited Progress",https://www.vitalcitynyc.org/10-years-after-the-killing-of-eric-garner/,Neil Gross,unreviewed,,NYPD,,,,,,
subway-gun-scanners-the-wrong-tech-in-the-wrong-place,2024-07-31T09:00:02,Subway Gun Scanners: The Wrong Tech in the Wrong Place,https://www.vitalcitynyc.org/subway-gun-scanners-the-wrong-tech-in-the-wrong-place/,Barry Friedman,unreviewed,,NYPD; Comptroller,,,,,,
jane-jacobs-would-support-city-of-yes,2024-08-08T18:04:49,Jane Jacobs Would Support ‘City of Yes’,https://www.vitalcitynyc.org/jane-jacobs-would-support-city-of-yes/,Benjamin Schneider,unreviewed,,,,,,,,
the-state-of-crime-in-new-york-city-at-midyear-2024,2024-08-13T22:14:42,The State of Crime in New York City at Midyear 2024,https://www.vitalcitynyc.org/the-state-of-crime-in-new-york-city-at-midyear-2024/,No byline,unreviewed,,FBI; State Legislature,,,,,,
new-york-times-to-new-york-drop-dead,2024-08-14T15:12:30,New York Times to New York: Drop Dead,https://www.vitalcitynyc.org/new-york-times-to-new-york-drop-dead/,Harry Siegel,unreviewed,,City Council,,,,,,
city-beautiful-city-ugly,2024-08-22T16:30:06,"City Beautiful, City Ugly",https://www.vitalcitynyc.org/city-beautiful-city-ugly/,Vishaan Chakrabarti,unreviewed,,,,,,,,
crime-rhetoric-vs-crime-realities,2024-08-22T18:00:20,Crime Rhetoric vs. Crime Realities,https://www.vitalcitynyc.org/crime-rhetoric-vs-crime-realities/,Elizabeth Glazer,unreviewed,,,,,,,,
the-state-of-new-york-citys-jails-mid-2024,2024-09-05T19:23:57,"The State of New York City’s Jails, Mid-2024",https://www.vitalcitynyc.org/the-state-of-new-york-citys-jails-mid-2024/,No byline,unreviewed,,DOC; NYPD; DSNY; FDNY,,,,,,
fewer-students-better-schools,2024-09-05T19:28:10,"Fewer Students, Better Schools",https://www.vitalcitynyc.org/fewer-students-better-schools/,Pedro A. Noguera,unreviewed,,DOE,,,,,,
gun-violence-prevention-and-the-harm-of-omission,2024-09-11T18:12:46,Gun Violence Prevention and the Harm of Omission,https://www.vitalcitynyc.org/gun-violence-prevention-and-the-harm-of-omission/,Anthony A. Braga,unreviewed,,,,,,,,
make-design-relevant-again,2024-09-11T18:13:22,Make Design Matter Again,https://www.vitalcitynyc.org/make-design-relevant-again/,Vishaan Chakrabarti,unreviewed,,,,,,,,
how-new-york-city-budgets-for-public-libraries,2024-09-18T19:00:00,A Dysfunctional Dance: How New York City Budgets for Public Libraries,https://www.vitalcitynyc.org/how-new-york-city-budgets-for-public-libraries/,David Woloch,unreviewed,,City Council,,,,,,
how-eric-adams-could-pull-through-a-10-step-survival-guide,2024-09-19T16:00:20,How Eric Adams Could Pull Through: A 10-Step Survival Plan,https://www.vitalcitynyc.org/how-eric-adams-could-pull-through-a-10-step-survival-guide/,Bradley Tusk,unreviewed,,Comptroller; City Council,,,,,,
guiding-new-york-city-in-a-storm-an-interview-with-deputy-mayors,2024-09-19T17:00:00,Guiding New York City’s Ship of State in a Storm: Three Deputy Mayors Speak,https://www.vitalcitynyc.org/guiding-new-york-city-in-a-storm-an-interview-with-deputy-mayors/,Bradley Tusk,unreviewed,,NYCHA; City Council; DOT; DEP; DCP; DSNY; TLC; DPR; DHS; District Attorney; HPD; DOB; EDC; Mayor's Office; DDC; HHS,,,,,,
a-conversation-with-former-federal-prosecutor-carrie-cohen-on-smartphone-seizures-in-the-investigation-of-mayor-eric-adams,2024-09-19T17:05:00,Left to Their Own Devices? A Conversation With Carrie Cohen,https://www.vitalcitynyc.org/a-conversation-with-former-federal-prosecutor-carrie-cohen-on-smartphone-seizures-in-the-investigation-of-mayor-eric-adams/,No byline,unreviewed,,Mayor's Office; FBI; State AG,,,,,,
seizures-and-investigations-and-resignations-oh-my,2024-09-19T17:10:00,"Seizures and Investigations and Resignations, Oh My! A Conversation With Daniel Richman",https://www.vitalcitynyc.org/seizures-and-investigations-and-resignations-oh-my/,No byline,unreviewed,,FBI; NYPD; DOJ; District Attorney; Supreme Court; DOE; DOI,,,,,,
the-eric-adams-indictment-a-tragedy-in-two-dimensions,2024-09-19T17:15:00,The Eric Adams Indictment: A Tragedy in Two Dimensions,https://www.vitalcitynyc.org/the-eric-adams-indictment-a-tragedy-in-two-dimensions/,Josh Greenman,unreviewed,,NYPD,,,,,,
whats-missing-in-the-case-against-eric-adams,2024-09-19T17:20:00,What's Missing in the Case Against Eric Adams,https://www.vitalcitynyc.org/whats-missing-in-the-case-against-eric-adams/,Andrew Weissmann,unreviewed,,FDNY; District Attorney; DOJ; FBI; Congress; Supreme Court,,,,,,
eric-adams-scandals-in-context,2024-09-19T17:27:36,"Eric Adams’ Scandals, In Historical Context",https://www.vitalcitynyc.org/eric-adams-scandals-in-context/,Chris McNickle,unreviewed,,NYPD; DOJ; DOE; City Council; DOI,,,,,,
its-not-impossible-how-nyc-can-transform-jail-conditions,2024-09-24T12:00:00,It's Not Impossible: How NYC Can Transform Jail Conditions,https://www.vitalcitynyc.org/its-not-impossible-how-nyc-can-transform-jail-conditions/,Jan Ransom,unreviewed,,DOC; OMB,,,,,,
what-were-reading-fall-2024,2024-10-02T15:20:00,"What We’re Reading, Fall 2024",https://www.vitalcitynyc.org/what-were-reading-fall-2024/,Greg Berman,unreviewed,,State Legislature; Congress,,,,,,
when-we-ride-appreciating-the-subway,2024-10-02T15:25:00,When We Ride,https://www.vitalcitynyc.org/when-we-ride-appreciating-the-subway/,Josh Greenman,unreviewed,,,,,,,,
underground-safer-than-the-surface,2024-10-02T15:30:00,Underground: Safer Than the Surface?,https://www.vitalcitynyc.org/underground-safer-than-the-surface/,Aaron Chalfin,unreviewed,,NYPD; MTA,,,,,,
a-conversation-with-former-new-york-city-transit-presidents-sarah-feinberg-and-richard-davey,2024-10-02T15:35:00,How to Run a Railroad: A Conversation With Two Former NYC Transit Presidents,https://www.vitalcitynyc.org/a-conversation-with-former-new-york-city-transit-presidents-sarah-feinberg-and-richard-davey/,Stephen Nessen,unreviewed,,MTA; DOT; Congress,,,,,,
a-conversation-with-mta-chairman-and-ceo-janno-lieber,2024-10-02T15:35:00,The Motorman of the Moment: A Conversation With Janno Lieber,https://www.vitalcitynyc.org/a-conversation-with-mta-chairman-and-ceo-janno-lieber/,No byline,unreviewed,,MTA; State Legislature; DOT,,,,,,
challenges-around-every-bend-transit-workers-day-to-day,2024-10-02T15:40:00,Challenges Around Every Bend,https://www.vitalcitynyc.org/challenges-around-every-bend-transit-workers-day-to-day/,No byline,unreviewed,,ACS,,,,,,
without-a-better-bus-network-the-citys-public-transportation-system-will-fail-people,2024-10-02T15:40:00,"The Humble, Indispensable Bus",https://www.vitalcitynyc.org/without-a-better-bus-network-the-citys-public-transportation-system-will-fail-people/,Renae Reynolds,unreviewed,,MTA,,,,,,
the-45-minute-city,2024-10-02T15:40:00,The 45-Minute City,https://www.vitalcitynyc.org/the-45-minute-city/,Rachel Meltzer,unreviewed,,,,,,,,
waiting-for-the-elevators-mta-long-road-to-accessible-wheelchair-system,2024-10-02T15:45:00,Waiting for the Elevators,https://www.vitalcitynyc.org/waiting-for-the-elevators-mta-long-road-to-accessible-wheelchair-system/,Sasha Blair-Goldensohn,unreviewed,,MTA; City Council,,,,,,
the-four-forces-that-have-shaped-the-subway-system,2024-10-02T15:45:00,The Four Forces That Have Shaped the System,https://www.vitalcitynyc.org/the-four-forces-that-have-shaped-the-subway-system/,Nicole Gelinas,unreviewed,,MTA,,,,,,
why-are-new-york-transit-expenses-so-high-history-of-politics,2024-10-02T15:50:00,The Cost Containment Conundrum,https://www.vitalcitynyc.org/why-are-new-york-transit-expenses-so-high-history-of-politics/,Nolan Hicks,unreviewed,,MTA; State Legislature,,,,,,
the-public-square-subways,2024-10-02T15:50:00,The Public Square,https://www.vitalcitynyc.org/the-public-square-subways/,Ted Alcorn,unreviewed,,MTA; Mayor's Office; Public Advocate; State AG; Comptroller; State Legislature; Congress,,,,,,
new-york-citys-subways-moving-millions,2024-10-02T15:51:00,New York City’s Subways: Moving Millions,https://www.vitalcitynyc.org/new-york-citys-subways-moving-millions/,No byline,unreviewed,,,,,,,,
riding-while-female-a-safer-subway-for-women-too,2024-10-02T15:55:00,Riding While Female,https://www.vitalcitynyc.org/riding-while-female-a-safer-subway-for-women-too/,No byline,unreviewed,,NYPD; DOT; MTA,,,,,,
the-subway-movie-everyone-should-see-pelham-one-two-three,2024-10-02T15:58:37,The Subway Movie Everyone Should See,https://www.vitalcitynyc.org/the-subway-movie-everyone-should-see-pelham-one-two-three/,Jason Bailey,unreviewed,,NYPD,,,,,,
what-to-do-about-people-struggling-with-serious-mental-illness-on-the-subway-nyc,2024-10-02T15:58:37,Psychosis Under Fluorescent Lights,https://www.vitalcitynyc.org/what-to-do-about-people-struggling-with-serious-mental-illness-on-the-subway-nyc/,Freddie deBoer,unreviewed,,Supreme Court; NYPD,,,,,,
how-should-we-pay-for-transportation-new-york-city,2024-10-02T15:58:37,How Should We Pay for Transportation?,https://www.vitalcitynyc.org/how-should-we-pay-for-transportation-new-york-city/,Zakhary Mallett,unreviewed,,Congress,,,,,,
expand-the-reach-of-the-subway-system-a-2125-map,2024-10-02T15:58:37,What the System Could Become: A 2125 Map,https://www.vitalcitynyc.org/expand-the-reach-of-the-subway-system-a-2125-map/,Jake Berman,unreviewed,,MTA; State Legislature,,,,,,
editors-note-megalopolis-subway-where-romance-and-reality-meet,2024-10-02T15:58:37,Editors’ Note,https://www.vitalcitynyc.org/editors-note-megalopolis-subway-where-romance-and-reality-meet/,Elizabeth Glazer,unreviewed,,MTA; NYPD,,,,,,
reimagining-the-street-and-subways-platforms-new-york-city,2024-10-02T15:58:37,The Platforms We Deserve,https://www.vitalcitynyc.org/reimagining-the-street-and-subways-platforms-new-york-city/,Claire Weisz,unreviewed,,MTA,,,,,,
the-congestion-pricing-meltdown-and-its-aftermath,2024-10-02T15:58:37,It’s About Time: The Congestion Pricing Meltdown and Its Aftermath,https://www.vitalcitynyc.org/the-congestion-pricing-meltdown-and-its-aftermath/,Betsy Plum,unreviewed,,MTA,,,,,,
subway-ads-through-the-eras,2024-10-02T15:58:37,The Hard Sell to Straphangers,https://www.vitalcitynyc.org/subway-ads-through-the-eras/,Jodi Shapiro,unreviewed,,MTA,,,,,,
whats-behind-the-remarkable-staying-power-of-the-warriors,2024-10-02T15:58:37,"Hellscapes, Real and Imagined",https://www.vitalcitynyc.org/whats-behind-the-remarkable-staying-power-of-the-warriors/,Harry Siegel,unreviewed,,,,,,,,
the-fear-factor-civility-on-the-subway,2024-10-02T15:58:37,The Fear Factor,https://www.vitalcitynyc.org/the-fear-factor-civility-on-the-subway/,Wesley G. Skogan,unreviewed,,MTA,,,,,,
what-new-yorks-subway-system-can-learn-from-cities-around-the-world,2024-10-02T15:58:37,Room for Improvement,https://www.vitalcitynyc.org/what-new-yorks-subway-system-can-learn-from-cities-around-the-world/,Yonah Freemark,unreviewed,,,,,,,,
the-best-connection-i-ever-made,2024-10-02T15:58:37,New Yorkers Share Stories About Riding the Rails,https://www.vitalcitynyc.org/the-best-connection-i-ever-made/,No byline,unreviewed,,MTA,,,,,,
hate-the-mta-beware-the-alternatives,2024-10-02T15:58:37,Hate the MTA? Beware the Alternatives,https://www.vitalcitynyc.org/hate-the-mta-beware-the-alternatives/,Philip Mark Plotch,unreviewed,,MTA; State Legislature; DOE; City Council; Congress,,,,,,
should-new-york-city-have-free-fares-for-better-and-worse,2024-10-02T15:58:37,"Free Fares, for Better and Worse",https://www.vitalcitynyc.org/should-new-york-city-have-free-fares-for-better-and-worse/,Austin Celestin,unreviewed,,MTA; State Legislature; Comptroller,,,,,,
an-architect-dissects-francis-ford-coppolas-passion-project-megalopolis,2024-10-08T20:47:04,"Towering, Timely and Trite",https://www.vitalcitynyc.org/an-architect-dissects-francis-ford-coppolas-passion-project-megalopolis/,Vishaan Chakrabarti,unreviewed,,,,,,,,
eric-adams-legal-headaches-reforming-new-york-travel-expenses-laws,2024-10-10T15:10:00,Flights of Fancy,https://www.vitalcitynyc.org/eric-adams-legal-headaches-reforming-new-york-travel-expenses-laws/,Aaron Short,unreviewed,,State Legislature; City Council; Comptroller; Supreme Court,,,,,,
the-mayor-the-us-attorney-and-the-president,2024-10-10T15:15:00,"The Mayor, the U.S. Attorney and the President: A Conversation with Zachary Carter",https://www.vitalcitynyc.org/the-mayor-the-us-attorney-and-the-president/,No byline,unreviewed,,State AG; Congress; DOJ; White House; Mayor's Office; District Attorney; Five Borough DAs; Supreme Court,,,,,,
what-kind-of-nypd-commissioner-do-we-need,2024-10-10T15:20:00,What Kind of NYPD Commissioner Do We Need?,https://www.vitalcitynyc.org/what-kind-of-nypd-commissioner-do-we-need/,Elizabeth Glazer,unreviewed,,FBI; NYPD; DOC; Mayor's Office; DOI; HHS,,,,,,
if-eric-adams-does-not-resign-can-he-be-forced-out-of-office-its-complicated,2024-10-10T15:25:00,To Remove a Mayor: Both Too Easy and Too Hard,https://www.vitalcitynyc.org/if-eric-adams-does-not-resign-can-he-be-forced-out-of-office-its-complicated/,Richard Briffault,unreviewed,,City Council; Mayor's Office; Comptroller; Public Advocate,,,,,,
can-eric-adams-govern-without-a-government,2024-10-10T15:30:00,Can Eric Adams Govern Without a Government?,https://www.vitalcitynyc.org/can-eric-adams-govern-without-a-government/,Elizabeth Glazer,unreviewed,,DOJ; DOE; City Council; NYPD; FDNY; State Legislature; FBI; White House,,,,,,
the-case-against-eric-adams-and-company-a-virtual-panel,2024-10-15T10:00:00,The Case Against Eric Adams and Company: A Virtual Panel,https://www.vitalcitynyc.org/the-case-against-eric-adams-and-company-a-virtual-panel/,Jelani Cobb,unreviewed,,Supreme Court; Mayor's Office; White House; NYPD; State Legislature; Public Advocate; State AG; FBI; City Council; Comptroller; District Attorney; Governor; Congress,,,,,,
now-comes-the-hard-part-closing-rikers-island,2024-10-16T15:20:00,Now Comes the Hard Part,https://www.vitalcitynyc.org/now-comes-the-hard-part-closing-rikers-island/,Dana Kaplan,unreviewed,,City Council; Mayor's Office; DOC; NYCHA,,,,,,
what-can-new-york-city-jail-reform-learn-from-abroad,2024-10-16T15:25:00,What Can New York City Learn from Abroad?,https://www.vitalcitynyc.org/what-can-new-york-city-jail-reform-learn-from-abroad/,Cyrus Ahalt,unreviewed,,DOC; Mayor's Office,,,,,,
rethinking-prison-pennsylvania-pilots-scandinavian-inspired-prison-reform,2024-10-16T15:30:00,Rethinking the Prison Environment,https://www.vitalcitynyc.org/rethinking-prison-pennsylvania-pilots-scandinavian-inspired-prison-reform/,Jordan M. Hyatt,unreviewed,,,,,,,,
can-a-receiver-bring-enduring-change-for-the-better,2024-10-16T15:35:00,Can A Receiver Bring Enduring Change for the Better?,https://www.vitalcitynyc.org/can-a-receiver-bring-enduring-change-for-the-better/,Sara Norman,unreviewed,,DOC; Mayor's Office; DOE; City Council,,,,,,
holistic-safety-in-corrections,2024-10-16T15:40:00,Holistic Safety in Corrections: A Framework for Sustainable Change,https://www.vitalcitynyc.org/holistic-safety-in-corrections/,Nneka Jones Tapia,unreviewed,,,,,,,,
the-limits-of-litigation-history-of-federal-oversight-at-rikers,2024-10-16T15:40:00,The Limits of Litigation,https://www.vitalcitynyc.org/the-limits-of-litigation-history-of-federal-oversight-at-rikers/,Meg Egan,unreviewed,,DOC; City Council,,,,,,
conditions-inside-the-citys-jails-continue-to-be-violent-a-data-story,2024-10-16T15:46:09,The City’s Jails Continue to be Violent and Uncontrolled,https://www.vitalcitynyc.org/conditions-inside-the-citys-jails-continue-to-be-violent-a-data-story/,No byline,unreviewed,,DOC; City Council,,,,,,
a-culture-of-learning-can-defeat-a-culture-of-violence,2024-10-16T15:46:09,A Culture of Learning Can Defeat a Culture of Violence,https://www.vitalcitynyc.org/a-culture-of-learning-can-defeat-a-culture-of-violence/,Angela Hawken,unreviewed,,DOC,,,,,,
improving-conditions-on-rikers-island,2024-10-16T15:46:09,Improving Conditions on Rikers Island,https://www.vitalcitynyc.org/improving-conditions-on-rikers-island/,Elizabeth Glazer,unreviewed,,DOC,,,,,,
hardship-on-top-of-hardship,2024-10-16T16:00:00,Hardship on Top of Hardship,https://www.vitalcitynyc.org/hardship-on-top-of-hardship/,Jaclyn Davis,unreviewed,,Mayor's Office,,,,,,
its-not-impossible-how-nyc-can-transform-jail-conditions-transcript,2024-10-16T16:05:00,It’s Not Impossible,https://www.vitalcitynyc.org/its-not-impossible-how-nyc-can-transform-jail-conditions-transcript/,No byline,unreviewed,,DOC,,,,,,
a-snapshot-of-how-unions-forestall-progress-on-jail-conditions,2024-10-16T16:10:00,A Snapshot of How Unions Forestall Progress,https://www.vitalcitynyc.org/a-snapshot-of-how-unions-forestall-progress-on-jail-conditions/,Reuven Blau,unreviewed,,DOC,,,,,,
holding-rikers-officers-accountable-an-almost-impossible-task,2024-10-16T16:15:00,Holding Rikers Officers Accountable: An Almost Impossible Task,https://www.vitalcitynyc.org/holding-rikers-officers-accountable-an-almost-impossible-task/,Sarena Townsend,unreviewed,,DOC; District Attorney; DSNY; Supreme Court,,,,,,
what-will-new-york-do-to-answer-decades-of-rape-claims-rikers-rosies,2024-10-16T16:20:00,What Will New York Do to Answer Decades of Rape Claims?,https://www.vitalcitynyc.org/what-will-new-york-do-to-answer-decades-of-rape-claims-rikers-rosies/,Jessy Edwards,unreviewed,,DOC; State AG; Mayor's Office; DOI; City Council; Comptroller; District Attorney,,,,,,
bruce-western-on-the-impact-of-jail-on-the-lives-of-new-yorkers,2024-10-16T16:25:00,Bruce Western on the Impact of Jail on the Lives of New Yorkers,https://www.vitalcitynyc.org/bruce-western-on-the-impact-of-jail-on-the-lives-of-new-yorkers/,Bruce Western,unreviewed,,DOC; Mayor's Office; Congress,,,,,,
from-plantation-prisons-to-the-modern-era,2024-10-16T16:30:00,From Plantation Prisons to the Modern Era,https://www.vitalcitynyc.org/from-plantation-prisons-to-the-modern-era/,Malcolm Feeley,unreviewed,,,,,,,,
in-these-streets-reporting-from-the-front-lines-of-inner-city-gun-violence-josiah-bates-review,2024-10-17T16:00:06,The Nit and Grit of Street Outreach,https://www.vitalcitynyc.org/in-these-streets-reporting-from-the-front-lines-of-inner-city-gun-violence-josiah-bates-review/,Joseph Richardson Jr.,unreviewed,,,,,,,,
in-praise-of-a-new-manifesto-for-cities,2024-10-17T20:05:31,Urbane Means Humane,https://www.vitalcitynyc.org/in-praise-of-a-new-manifesto-for-cities/,Thomas de Monchaux,unreviewed,,DCP; DPR,,,,,,
why-opponents-should-say-yes-to-city-of-yes,2024-10-22T18:06:45,Why Opponents Should Say Yes to City of Yes,https://www.vitalcitynyc.org/why-opponents-should-say-yes-to-city-of-yes/,Craig Gurian,unreviewed,,City Council,,,,,,
city-of-champions-what-winning-games-does-for-cities-like-new-york,2024-10-24T17:06:24,City of Champions?,https://www.vitalcitynyc.org/city-of-champions-what-winning-games-does-for-cities-like-new-york/,Kevin Baker,unreviewed,,,,,,,,
movement-new-yorks-long-war-to-take-back-its-streets-from-the-car-excerpt,2024-11-06T17:00:00,"If the Trains Don’t Move, Nobody Moves: The Legacy of the NYC Transit Strike of 1966",https://www.vitalcitynyc.org/movement-new-yorks-long-war-to-take-back-its-streets-from-the-car-excerpt/,Nicole Gelinas,unreviewed,,State Legislature; NYS DEC; White House,,,,,,
the-truth-about-youth-crime-rates-in-nyc,2024-11-07T17:30:00,Are the Kids All Right? The Truth About Youth Crime in NYC,https://www.vitalcitynyc.org/the-truth-about-youth-crime-rates-in-nyc/,John Hall,unreviewed,,DOI,,,,,,
resisting-the-impulse-to-just-resist-new-york-reacts-to-trumps-victory,2024-11-07T18:54:56,Resisting the Urge to Just #Resist Trump,https://www.vitalcitynyc.org/resisting-the-impulse-to-just-resist-new-york-reacts-to-trumps-victory/,Josh Greenman,unreviewed,,White House; City Council,,,,,,
the-failures-of-urban-governance,2024-11-08T15:08:34,The Failures of Urban Governance,https://www.vitalcitynyc.org/the-failures-of-urban-governance/,David Schleicher,unreviewed,,Congress,,,,,,
calling-real-leaders-the-2025-new-york-city-mayoral-race-is-underway,2024-11-13T17:00:00,Calling Real Leaders,https://www.vitalcitynyc.org/calling-real-leaders-the-2025-new-york-city-mayoral-race-is-underway/,Mitchell Moss,unreviewed,,State Legislature; Congress,,,,,,
why-new-yorkers-in-poverty-need-city-of-yes,2024-11-14T14:00:03,Why New Yorkers in Poverty Need City of Yes,https://www.vitalcitynyc.org/why-new-yorkers-in-poverty-need-city-of-yes/,Richard Buery Jr.,unreviewed,,NYCHA; Congress; City Council; State Legislature,,,,,,
illegal-parking-and-failed-governance-ai-study-of-nypd-enforcement,2024-11-14T20:42:17,Why Does the NYPD Ignore So Many Parking Complaints?,https://www.vitalcitynyc.org/illegal-parking-and-failed-governance-ai-study-of-nypd-enforcement/,Benjamin Arnav,unreviewed,,NYPD; DOT; DOI; MTA; Governor,,,,,,
congestion-pricing-2-tolling-cars-to-enter-central-manhattan-remains-hugely-worthwhile,2024-11-15T21:27:53,How Congestion Pricing 2.0 Will Work on the Ground,https://www.vitalcitynyc.org/congestion-pricing-2-tolling-cars-to-enter-central-manhattan-remains-hugely-worthwhile/,Sam Schwartz,unreviewed,,MTA; White House,,,,,,
how-does-the-empire-state-strike-back-how-new-york-answers-a-restive-electorate,2024-11-26T15:03:12,How Does the Empire State Strike Back?,https://www.vitalcitynyc.org/how-does-the-empire-state-strike-back-how-new-york-answers-a-restive-electorate/,Matt Wing,unreviewed,,,,,,,,
the-false-promise-of-police-crackdowns-in-new-york-city-roosevelt-island-queens-corridor,2024-11-26T17:53:55,The False Promise of Police Crackdowns in New York City,https://www.vitalcitynyc.org/the-false-promise-of-police-crackdowns-in-new-york-city-roosevelt-island-queens-corridor/,John Hall,unreviewed,,NYPD,,,,,,
child-welfare-agencies-should-only-pull-children-from-their-parents-as-a-last-resort,2024-11-27T17:00:01,A Child is Dead. The City Must Respond the Right Way.,https://www.vitalcitynyc.org/child-welfare-agencies-should-only-pull-children-from-their-parents-as-a-last-resort/,Stacy Torres,unreviewed,,ACS; Congress; District Attorney; White House,,,,,,
where-does-drug-policy-go-from-here,2024-12-03T19:57:28,Where Does Drug Policy Go From Here?,https://www.vitalcitynyc.org/where-does-drug-policy-go-from-here/,Beau Kilmer,unreviewed,,White House; DOJ; State AG; HHS; DEA; Congress,,,,,,
the-local-government-staffers-we-need-and-deserve,2024-12-05T17:00:00,The Local Government Staffers We Need and Deserve,https://www.vitalcitynyc.org/the-local-government-staffers-we-need-and-deserve/,Caitlin Lewis,unreviewed,,Comptroller; OMB; HPD; City Council,,,,,,
police-commissioner-jessica-tisch-vs-new-york-city-crime-and-corruption,2024-12-05T17:00:32,Police Commissioner Jessica Tisch vs. New York City Crime — and Corruption,https://www.vitalcitynyc.org/police-commissioner-jessica-tisch-vs-new-york-city-crime-and-corruption/,Elizabeth Glazer,unreviewed,,NYPD; FBI,,,,,,
of-subpoenas-and-shoe-leather-how-prosecutors-and-investigative-journalists-pursue-public-corruption,2024-12-10T10:00:00,Of Subpoenas and Shoe Leather: How Prosecutors and Investigative Journalists Pursue Public Corruption,https://www.vitalcitynyc.org/of-subpoenas-and-shoe-leather-how-prosecutors-and-investigative-journalists-pursue-public-corruption/,Jelani Cobb,unreviewed,,District Attorney; DOI; Comptroller; Public Advocate; State AG; DOJ; Congress,,,,,,
trumps-mass-deportation-threat-reality-or-fantasy,2024-12-12T15:08:22,Trump’s Mass Deportation Threat: Reality or Fantasy?,https://www.vitalcitynyc.org/trumps-mass-deportation-threat-reality-or-fantasy/,Felipe De La Hoz,unreviewed,,ICE; White House; Supreme Court; NYPD; State AG; DOJ; Congress,,,,,,
how-not-to-use-nypd-drones-as-surveillance-tools,2024-12-13T16:30:13,How Not to Use NYPD Drones,https://www.vitalcitynyc.org/how-not-to-use-nypd-drones-as-surveillance-tools/,Barry Friedman,unreviewed,,NYPD; City Council; Mayor's Office,,,,,,
can-eric-adams-really-win-a-second-term,2024-12-17T17:30:00,Can Adams Really Win a Second Term?,https://www.vitalcitynyc.org/can-eric-adams-really-win-a-second-term/,Bradley Tusk,unreviewed,,District Attorney,,,,,,
for-new-york-city-crime-trends-a-good-month,2024-12-20T15:57:28,"For New York City Crime Trends, A Good Month",https://www.vitalcitynyc.org/for-new-york-city-crime-trends-a-good-month/,Elizabeth Glazer,unreviewed,,NYPD; FBI,,,,,,
what-has-become-of-hip-hop-landmarks-in-new-york-city,2025-01-02T16:00:01,"Once Hotbeds of Hip-Hop, Now Forgotten Spaces",https://www.vitalcitynyc.org/what-has-become-of-hip-hop-landmarks-in-new-york-city/,Miles Marshall Lewis,unreviewed,,ICE,,,,,,
on-overdose-prevention-centers-listen-to-community-complaints,2025-01-02T16:00:03,"On Overdose Prevention Centers, Listen to Community Complaints",https://www.vitalcitynyc.org/on-overdose-prevention-centers-listen-to-community-complaints/,Katheryne Pugliese,unreviewed,,,,,,,,
the-problem-with-the-criminal-legal-system,2025-01-02T18:24:28,The Problem with the ‘Criminal Legal System’,https://www.vitalcitynyc.org/the-problem-with-the-criminal-legal-system/,Greg Berman,unreviewed,,,,,,,,
congestion-pricings-belated-lesson,2025-01-04T17:00:03,Congestion Pricing’s Belated Lesson,https://www.vitalcitynyc.org/congestion-pricings-belated-lesson/,Robert Polner,unreviewed,,DOT; Comptroller; MTA,,,,,,
how-will-congestion-pricing-actually-work,2025-01-08T17:00:00,How Will Congestion Pricing Actually Work?,https://www.vitalcitynyc.org/how-will-congestion-pricing-actually-work/,Jamie Rubin,unreviewed,,MTA; Governor,,,,,,
new-york-too-much-of-an-undocumented-immigrant-sanctuary-or-not-enough,2025-01-10T15:00:00,"New York: Too Much of an Undocumented Immigrant Sanctuary, Or Not Enough?",https://www.vitalcitynyc.org/new-york-too-much-of-an-undocumented-immigrant-sanctuary-or-not-enough/,Aaron Short,unreviewed,,ICE; DOC; Mayor's Office; White House; NYPD; City Council; NYC Department of Probation; State Legislature; NYS DEC,,,,,,
who-trumps-mass-deportations-would-hurt-and-how,2025-01-10T15:00:02,"Who Trump’s Mass Deportations Would Hurt, and How",https://www.vitalcitynyc.org/who-trumps-mass-deportations-would-hurt-and-how/,Ernesto Castañeda,unreviewed,,White House,,,,,,
a-new-yorker-mourns-the-conflagrations-engulfing-los-angeles,2025-01-14T20:00:07,The Fires This Time,https://www.vitalcitynyc.org/a-new-yorker-mourns-the-conflagrations-engulfing-los-angeles/,Vishaan Chakrabarti,unreviewed,,,,,,,,
a-psychiatrist-explains-how-new-york-can-improve-the-care-of-the-mentally-ill-and-enhance-public-safety,2025-01-22T14:00:25,Balancing Civil Liberties and Civic Virtues,https://www.vitalcitynyc.org/a-psychiatrist-explains-how-new-york-can-improve-the-care-of-the-mentally-ill-and-enhance-public-safety/,"Barry B. Perlman, MD",unreviewed,,DOC; NY Court of Appeals,,,,,,
toward-a-new-discipline-macro-criminology,2025-01-22T20:55:00,Toward a New Discipline: Macro-Criminology,https://www.vitalcitynyc.org/toward-a-new-discipline-macro-criminology/,John K. Roman,unreviewed,,,,,,,,
a-better-conversation-on-guns,2025-01-22T21:00:00,A Better Conversation on Guns,https://www.vitalcitynyc.org/a-better-conversation-on-guns/,Megan Kang,unreviewed,,White House,,,,,,
the-recovery-from-covid-19-pandemic-gun-violence,2025-01-22T21:00:00,The Recovery From COVID-19 Pandemic Gun Violence,https://www.vitalcitynyc.org/the-recovery-from-covid-19-pandemic-gun-violence/,Alex R. Piquero,unreviewed,,DEA; ATF,,,,,,
what-can-we-do-about-shoplifting-a-new-urban-plague,2025-01-22T21:05:00,The Stubbornness of Sticky Fingers,https://www.vitalcitynyc.org/what-can-we-do-about-shoplifting-a-new-urban-plague/,Megan McArdle,unreviewed,,,,,,,,
the-bronxs-crime-crisis,2025-01-22T21:05:00,The Bronx’s Crime Crisis,https://www.vitalcitynyc.org/the-bronxs-crime-crisis/,John Hall,unreviewed,,NYPD; NYS DEC,,,,,,
broken-windows-politics-disorder-still-matters,2025-01-22T21:05:00,Broken Windows Politics,https://www.vitalcitynyc.org/broken-windows-politics-disorder-still-matters/,Charles Fain Lehman,unreviewed,,NYPD,,,,,,
clustering-of-gun-violence-the-problem-that-wont-go-away,2025-01-22T21:10:00,Clustering of Gun Violence: The Problem That Won’t Go Away,https://www.vitalcitynyc.org/clustering-of-gun-violence-the-problem-that-wont-go-away/,Gerard Torrats-Espinosa,unreviewed,,NYS DEC,,,,,,
fix-the-subway-not-society,2025-01-22T21:10:00,"Fix the Subway, Not Society",https://www.vitalcitynyc.org/fix-the-subway-not-society/,Peter Moskos,unreviewed,,NYPD; Mayor's Office; District Attorney; MTA,,,,,,
on-fear-itself-worry-about-crime-has-taken-on-a-life-of-its-own,2025-01-22T21:10:00,On Fear Itself,https://www.vitalcitynyc.org/on-fear-itself-worry-about-crime-has-taken-on-a-life-of-its-own/,Caterina Roman,unreviewed,,,,,,,,
crime-data-is-better-will-americans-pay-attention,2025-01-22T21:15:00,Crime Data Is Better. Will Americans Pay Attention?,https://www.vitalcitynyc.org/crime-data-is-better-will-americans-pay-attention/,Jeff Asher,unreviewed,,FBI,,,,,,
vital-signs-state-of-the-city-on-crime-2024,2025-01-22T21:15:00,The State of the City on Crime 2024,https://www.vitalcitynyc.org/vital-signs-state-of-the-city-on-crime-2024/,No byline,unreviewed,,,,,,,,
community-violence-intervention-at-a-crossroads,2025-01-22T21:15:00,Community Violence Intervention at a Crossroads,https://www.vitalcitynyc.org/community-violence-intervention-at-a-crossroads/,Andrew V. Papachristos,unreviewed,,HUD; DOJ; HHS; White House,,,,,,
crime-in-context-locally-and-nationally,2025-01-22T21:20:00,"Crime in Context, Locally and Nationally",https://www.vitalcitynyc.org/crime-in-context-locally-and-nationally/,Aaron Chalfin,unreviewed,,,,,,,,
crime-on-the-ground-and-how-its-experienced,2025-01-22T21:20:32,Crime on the Ground — and How It’s Experienced,https://www.vitalcitynyc.org/crime-on-the-ground-and-how-its-experienced/,Marcos F. Soler,unreviewed,,FBI,,,,,,
the-nypds-2025-strategy-a-conversation-with-michael-lipetri,2025-01-22T21:20:51,The NYPD’s 2025 Strategy: A Conversation With Michael LiPetri,https://www.vitalcitynyc.org/the-nypds-2025-strategy-a-conversation-with-michael-lipetri/,No byline,unreviewed,,NYPD; District Attorney; Five Borough DAs,,,,,,
training-ai-to-make-cities-more-humane,2025-01-30T17:16:51,Jane Jacobs 2.0: Training AI to Make Cities More Humane,https://www.vitalcitynyc.org/training-ai-to-make-cities-more-humane/,Edward Glaeser,unreviewed,,DCP,,,,,,
the-state-of-new-york-citys-jails-year-end-2024,2025-01-30T17:55:05,"The State of New York City’s Jails, Year-End 2024",https://www.vitalcitynyc.org/the-state-of-new-york-citys-jails-year-end-2024/,No byline,unreviewed,,DOC,,,,,,
just-the-facts-on-new-york-city-subway-crime,2025-01-31T14:29:44,Just the Facts on New York City Subway Crime,https://www.vitalcitynyc.org/just-the-facts-on-new-york-city-subway-crime/,Aaron Chalfin,unreviewed,,NYPD,,,,,,
better-evidence-better-policy,2025-02-06T14:00:52,"Better Evidence, Better Policy",https://www.vitalcitynyc.org/better-evidence-better-policy/,Jeffrey A. Butts,unreviewed,,,,,,,,
running-for-nyc-mayor-through-a-fog,2025-02-06T21:55:17,Running for NYC Mayor Through a Fog,https://www.vitalcitynyc.org/running-for-nyc-mayor-through-a-fog/,Harry Siegel,unreviewed,,State AG; State Legislature; ICE; DOJ,,,,,,
government-should-harness-the-power-of-ai-to-combat-corruption-while-preserving-managerial-discretion,2025-02-10T16:58:05,"Artificial Intelligence, Actual Integrity",https://www.vitalcitynyc.org/government-should-harness-the-power-of-ai-to-combat-corruption-while-preserving-managerial-discretion/,Stephen Goldsmith,unreviewed,,DOI; NYCHA; Mayor's Office,,,,,,
how-hong-kong-emerged-from-the-swamp,2025-02-10T17:04:56,How Hong Kong Emerged From the Swamp,https://www.vitalcitynyc.org/how-hong-kong-emerged-from-the-swamp/,Mark Hampton,unreviewed,,,,,,,,
lessons-about-corruption-from-the-history-of-garbage,2025-02-10T22:02:28,"Dirtier Politics, Cleaner Streets?",https://www.vitalcitynyc.org/lessons-about-corruption-from-the-history-of-garbage/,Patricia Strach,unreviewed,,FDNY; Mayor's Office; DOJ,,,,,,
tammany-through-clear-eyes,2025-02-10T22:25:01,"Tammany, Through Clear Eyes",https://www.vitalcitynyc.org/tammany-through-clear-eyes/,Terry Golway,unreviewed,,State Legislature; Comptroller; DOJ; Congress,,,,,,
when-the-cure-for-corruption-is-worse-than-the-disease,2025-02-10T22:36:27,When the Cure Is Worse Than the Disease,https://www.vitalcitynyc.org/when-the-cure-for-corruption-is-worse-than-the-disease/,Edward Glaeser,unreviewed,,DOI; Comptroller; DOE; HRA,,,,,,
the-mayor-and-new-york-city-held-hostage-by-the-trump-administration,2025-02-11T15:40:00,The Mayor and New York City Held Hostage,https://www.vitalcitynyc.org/the-mayor-and-new-york-city-held-hostage-by-the-trump-administration/,Elizabeth Glazer,unreviewed,,DOJ; DOE; FBI; City Council; District Attorney; State AG; Supreme Court,,,,,,
casinos-bring-the-rot-why-gambling-is-fertile-ground-for-corruption,2025-02-11T15:45:00,Casinos Bring the Rot,https://www.vitalcitynyc.org/casinos-bring-the-rot-why-gambling-is-fertile-ground-for-corruption/,David Cay Johnston,unreviewed,,State Legislature; Supreme Court,,,,,,
how-corrupt-is-new-york-anyway,2025-02-11T15:50:00,"How Corrupt Is New York, Anyway?",https://www.vitalcitynyc.org/how-corrupt-is-new-york-anyway/,Marco Rosaire Rossi,unreviewed,,NYPD; State Legislature; DOI; FBI; Congress,,,,,,
whats-race-got-to-do-with-mayor-adams-corruption-scandal,2025-02-11T15:55:00,What’s Race Got to Do With It?,https://www.vitalcitynyc.org/whats-race-got-to-do-with-mayor-adams-corruption-scandal/,Errol Louis,unreviewed,,FBI; Congress; State Legislature; DOJ; District Attorney,,,,,,
how-institutional-failings-and-electoral-incentives-fuel-corruption,2025-02-11T16:03:58,Beyond Human Frailty,https://www.vitalcitynyc.org/how-institutional-failings-and-electoral-incentives-fuel-corruption/,Sebastian Galiani,unreviewed,,DOI,,,,,,
have-public-sector-unions-taken-the-place-of-tammany-hall,2025-02-11T16:16:19,Not Your Grandfather’s Patronage,https://www.vitalcitynyc.org/have-public-sector-unions-taken-the-place-of-tammany-hall/,Daniel DiSalvo,unreviewed,,Mayor's Office; DOE; City Council; DOJ; White House,,,,,,
big-cities-bigger-integrity-problems,2025-02-11T16:20:02,"Big Cities, Bigger Integrity Problems",https://www.vitalcitynyc.org/big-cities-bigger-integrity-problems/,David Schleicher,unreviewed,,State Legislature; FDNY; City Council; Mayor's Office; White House,,,,,,
vital-city-after-hours-a-conversation-with-ed-glaeser,2025-02-11T21:25:14,A Conversation with Ed Glaeser,https://www.vitalcitynyc.org/vital-city-after-hours-a-conversation-with-ed-glaeser/,Jamie Rubin,unreviewed,,NYCHA; MTA; DOT; Governor,,,,,,
more-than-a-noble-gesture,2025-02-15T00:03:46,More than a Noble Gesture,https://www.vitalcitynyc.org/more-than-a-noble-gesture/,Elizabeth Glazer,unreviewed,,State AG; DOJ; White House; Supreme Court; ICE,,,,,,
how-urban-progressives-became-their-own-worst-enemy-lessons-from-new-york,2025-02-18T15:59:03,How Urban Progressives Became Their Own Worst Enemy,https://www.vitalcitynyc.org/how-urban-progressives-became-their-own-worst-enemy-lessons-from-new-york/,Marc Dunkelman,unreviewed,,State Legislature; Congress; Supreme Court,,,,,,
whats-to-become-of-eric-adams-administration-now,2025-02-18T20:57:16,The Hollow City Hall,https://www.vitalcitynyc.org/whats-to-become-of-eric-adams-administration-now/,Josh Greenman,unreviewed,,City Council; Mayor's Office; HHS; FBI; White House,,,,,,
6-observers-and-veterans-of-new-york-city-politics-weigh-in-on-the-mayors-chances-of-finishing-out-his-term,2025-02-20T21:15:15,Eric Adams on the Edge,https://www.vitalcitynyc.org/6-observers-and-veterans-of-new-york-city-politics-weigh-in-on-the-mayors-chances-of-finishing-out-his-term/,No byline,unreviewed,,White House; DOJ; Mayor's Office; City Council; ICE,,,,,,
eric-adams-trials-are-a-trial-for-new-yorkers,2025-02-24T19:20:30,Eric Adams’ Trials Are a Trial for All New Yorkers,https://www.vitalcitynyc.org/eric-adams-trials-are-a-trial-for-new-yorkers/,Harry Siegel,unreviewed,,State AG; FBI; District Attorney; DOJ,,,,,,
city-hall-on-the-brink-how-the-feds-order-to-dismiss-its-own-prosecution-of-eric-adams-has-destabilized-the-government,2025-02-25T11:00:00,City Hall on the Brink: How the feds’ order to dismiss its own prosecution of Eric Adams has destabilized the government,https://www.vitalcitynyc.org/city-hall-on-the-brink-how-the-feds-order-to-dismiss-its-own-prosecution-of-eric-adams-has-destabilized-the-government/,Jelani Cobb,unreviewed,,,,,,,,
after-hours-with-jamie-rubin-reflections-on-disaster-relief,2025-02-26T20:00:56,Reflections on Disaster Relief,https://www.vitalcitynyc.org/after-hours-with-jamie-rubin-reflections-on-disaster-relief/,Jamie Rubin,unreviewed,,HUD; Congress; DOT,,,,,,
congestion-pricing-to-the-rescue,2025-02-27T18:00:00,Congestion Pricing to the Rescue,https://www.vitalcitynyc.org/congestion-pricing-to-the-rescue/,Carl Weisbrod,unreviewed,,DCP; White House,,,,,,
why-trumps-attempt-to-kill-congestion-pricing-must-fail,2025-02-27T18:00:02,Why Trump’s Attempt to Kill Congestion Pricing Must Fail,https://www.vitalcitynyc.org/why-trumps-attempt-to-kill-congestion-pricing-must-fail/,Eric A. Goldstein,unreviewed,,MTA; Congress; White House; DOT; State Legislature,,,,,,
making-the-most-of-drug-court,2025-03-03T15:00:03,Making the Most of Drug Court,https://www.vitalcitynyc.org/making-the-most-of-drug-court/,Steven Belenko,unreviewed,,,,,,,,
after-hours-with-jamie-rubin-what-do-we-owe-nonprofits-anyway,2025-03-03T16:26:00,"What Do We Owe Nonprofits, Anyway?",https://www.vitalcitynyc.org/after-hours-with-jamie-rubin-what-do-we-owe-nonprofits-anyway/,Jamie Rubin,unreviewed,,DOE; ACS; White House,,,,,,
artificial-intelligence-and-the-nonprofit-sector,2025-03-03T19:00:00,Artificial Intelligence and the Nonprofit Sector,https://www.vitalcitynyc.org/artificial-intelligence-and-the-nonprofit-sector/,Rich Leimsider,unreviewed,,,,,,,,
in-defense-of-social-justice-upheaval-at-nonprofits,2025-03-03T19:30:00,In Defense of Social Justice Upheaval,https://www.vitalcitynyc.org/in-defense-of-social-justice-upheaval-at-nonprofits/,Justine Olderman,unreviewed,,White House,,,,,,
charter-schools-at-the-crossroads,2025-03-03T20:00:00,Charter Schools at the Crossroads,https://www.vitalcitynyc.org/charter-schools-at-the-crossroads/,Robert Pondiscio,unreviewed,,DOE,,,,,,
is-it-possible-to-improve-nonprofit-design,2025-03-03T20:30:00,Is It Possible to Improve Nonprofit Design?,https://www.vitalcitynyc.org/is-it-possible-to-improve-nonprofit-design/,Paragini Amin,unreviewed,,,,,,,,
mbas-for-the-public-good-does-getting-a-masters-degree-make-sense-for-nonprofit-professionals,2025-03-03T21:01:00,‘MBAs for the Public Good’?,https://www.vitalcitynyc.org/mbas-for-the-public-good-does-getting-a-masters-degree-make-sense-for-nonprofit-professionals/,R.A.E. Wells,unreviewed,,,,,,,,
service-delivery-is-not-enough-advocacy-should-be-central-to-every-nonprofit,2025-03-03T21:22:31,Service Delivery Is Not Enough,https://www.vitalcitynyc.org/service-delivery-is-not-enough-advocacy-should-be-central-to-every-nonprofit/,Doug Bauer,unreviewed,,Congress; City Council; MTA; State Legislature; White House,,,,,,
the-trump-administration-poses-a-real-threat-to-nonprofits-in-new-york-and-beyond,2025-03-03T21:52:12,Winter Is Coming,https://www.vitalcitynyc.org/the-trump-administration-poses-a-real-threat-to-nonprofits-in-new-york-and-beyond/,John MacIntosh,unreviewed,,White House,,,,,,
rethinking-the-role-of-nonprofits-in-progressive-politics,2025-03-03T22:07:20,Rethinking the Role of Nonprofits in Progressive Policy and Urban Governance,https://www.vitalcitynyc.org/rethinking-the-role-of-nonprofits-in-progressive-politics/,Michael Lind,unreviewed,,City Council; District Attorney; White House,,,,,,
the-permanent-government-of-new-york-how-the-public-and-nonprofit-sectors-strengthen-the-city,2025-03-03T23:33:21,The Permanent Government of New York,https://www.vitalcitynyc.org/the-permanent-government-of-new-york-how-the-public-and-nonprofit-sectors-strengthen-the-city/,Mindy Tarlow,unreviewed,,Mayor's Office; ICE,,,,,,
the-nonprofit-model-of-social-service-delivery-makes-sense-for-new-york,2025-03-03T23:49:44,The Nonprofit Model of Social Service Delivery Makes Sense for New York,https://www.vitalcitynyc.org/the-nonprofit-model-of-social-service-delivery-makes-sense-for-new-york/,Jessica Katz,unreviewed,,City Council,,,,,,
a-closer-look-at-how-city-government-funds-nonprofits-in-new-york,2025-03-04T00:02:00,Following the Money,https://www.vitalcitynyc.org/a-closer-look-at-how-city-government-funds-nonprofits-in-new-york/,Nicole P. Marwell,unreviewed,,City Council,,,,,,
how-the-nonprofit-sector-fails-low-income-communities,2025-03-04T00:03:33,How the Nonprofit Sector Fails Communities,https://www.vitalcitynyc.org/how-the-nonprofit-sector-fails-low-income-communities/,Majora Carter,unreviewed,,,,,,,,
why-cant-we-solve-the-homelessness-crisis-in-new-york-city,2025-03-04T00:17:52,Why Can’t We Solve the Homelessness Crisis in New York City?,https://www.vitalcitynyc.org/why-cant-we-solve-the-homelessness-crisis-in-new-york-city/,Shams DaBaron,unreviewed,,,,,,,,
a-marshall-plan-for-the-nonprofit-sector,2025-03-04T00:27:05,A Marshall Plan for the Nonprofit Sector,https://www.vitalcitynyc.org/a-marshall-plan-for-the-nonprofit-sector/,Lisette Nieves,unreviewed,,Comptroller,,,,,,
an-antidemocratic-approach-to-democratic-governance,2025-03-04T00:38:55,An Antidemocratic Approach to Democratic Governance,https://www.vitalcitynyc.org/an-antidemocratic-approach-to-democratic-governance/,Claire Dunning,unreviewed,,White House,,,,,,
the-enduring-power-of-poverty-pimps,2025-03-04T02:13:54,The Enduring Power of ‘Poverty Pimps’,https://www.vitalcitynyc.org/the-enduring-power-of-poverty-pimps/,Michael Woodsworth,unreviewed,,White House,,,,,,
the-paradox-of-nonprofit-trustworthiness,2025-03-04T02:22:03,The Paradox of Nonprofit Trustworthiness,https://www.vitalcitynyc.org/the-paradox-of-nonprofit-trustworthiness/,Leslie Lenkowsky,unreviewed,,State AG; Congress; District Attorney,,,,,,
nonprofits-and-the-city,2025-03-04T02:25:00,A Short History of Urban Nonprofits,https://www.vitalcitynyc.org/nonprofits-and-the-city/,Benjamin Soskis,unreviewed,,ICE,,,,,,
alexis-de-tocqueville-and-the-art-of-association,2025-03-04T02:30:17,Alexis de Tocqueville and the Art of Association,https://www.vitalcitynyc.org/alexis-de-tocqueville-and-the-art-of-association/,Daniel Stid,unreviewed,,White House,,,,,,
editors-note-what-role-should-nonprofits-play-in-cities,2025-03-04T02:42:48,What Role Should Nonprofits Play in Cities?,https://www.vitalcitynyc.org/editors-note-what-role-should-nonprofits-play-in-cities/,Elizabeth Glazer,unreviewed,,White House; Comptroller; DOI,,,,,,
want-to-fix-the-subway-stop-asking-it-to-be-something-its-not,2025-03-05T15:00:00,Want to Fix the Subway? Stop Asking It To Be What It’s Not,https://www.vitalcitynyc.org/want-to-fix-the-subway-stop-asking-it-to-be-something-its-not/,Sarah Feinberg,unreviewed,,MTA,,,,,,
andrew-cuomo-sees-a-city-in-crisis-do-new-york-voters,2025-03-06T18:45:59,Andrew Cuomo Sees a City in Crisis. Do Voters?,https://www.vitalcitynyc.org/andrew-cuomo-sees-a-city-in-crisis-do-new-york-voters/,Harry Siegel,unreviewed,,MTA; Congress,,,,,,
migrants-give-more-than-they-take-to-new-york-citys-economy,2025-03-12T14:00:00,"Mayor Adams, Don’t Sell Out New York City’s Economy",https://www.vitalcitynyc.org/migrants-give-more-than-they-take-to-new-york-citys-economy/,Ernesto Castañeda,unreviewed,,Mayor's Office; Comptroller; ICE; White House,,,,,,
can-new-york-still-build-transformative-infrastructure,2025-03-20T14:00:41,Can New York Still Build Transformative Infrastructure?,https://www.vitalcitynyc.org/can-new-york-still-build-transformative-infrastructure/,Robert Polner,unreviewed,,Congress; State Legislature; White House,,,,,,
new-york-city-isnt-ready-for-the-trump-stress-test,2025-03-20T20:14:24,New York City Isn’t Ready for the Trump Stress Test,https://www.vitalcitynyc.org/new-york-city-isnt-ready-for-the-trump-stress-test/,Harry Siegel,unreviewed,,MTA; DOJ; White House; State Legislature; DOE; NYCHA; Comptroller,,,,,,
abundance-ezra-klein-derek-thompson-book-review,2025-03-26T13:59:26,"Yes to Abundance, Yes to Nuance, Yes to Excellence",https://www.vitalcitynyc.org/abundance-ezra-klein-derek-thompson-book-review/,Vishaan Chakrabarti,unreviewed,,White House,,,,,,
after-hours-with-jamie-rubin-and-majora-carter,2025-03-27T17:55:01,Nonprofits and People in Poverty — It's Complicated,https://www.vitalcitynyc.org/after-hours-with-jamie-rubin-and-majora-carter/,Jamie Rubin,unreviewed,,NYCHA,,,,,,
what-dismantling-the-department-of-education-means-for-nyc,2025-04-03T16:02:40,What Does Trump’s Move to Dismantle the Department of Education Mean for NYC?,https://www.vitalcitynyc.org/what-dismantling-the-department-of-education-means-for-nyc/,Aaron M. Pallas,unreviewed,,DOE; Congress; White House; HHS,,,,,,
what-brought-new-york-city-back-from-the-brink,2025-04-03T16:02:50,What Actually Brought New York City Back from the Brink?,https://www.vitalcitynyc.org/what-brought-new-york-city-back-from-the-brink/,No byline,unreviewed,,NYPD,,,,,,
is-there-any-path-to-victory-for-eric-adams-as-an-independent,2025-04-04T14:31:16,Is There Any Path to Victory for Eric Adams as an Independent?,https://www.vitalcitynyc.org/is-there-any-path-to-victory-for-eric-adams-as-an-independent/,Bradley Tusk,unreviewed,,NYPD,,,,,,
mayoral-candidate-forum-on-public-safety-and-quality-of-life,2025-04-07T09:00:00,Mayoral Candidate Forum on Public Safety and Quality of Life,https://www.vitalcitynyc.org/mayoral-candidate-forum-on-public-safety-and-quality-of-life/,Errol Louis,unreviewed,,,,,,,,
new-yorks-new-subway-map,2025-04-09T17:00:00,"From Point A to Point Q, and Beyond",https://www.vitalcitynyc.org/new-yorks-new-subway-map/,Jake Berman,unreviewed,,MTA,,,,,,
echoes-of-1977-shape-2025-mayoral-politics-in-new-york,2025-04-09T19:06:23,Echoes of 1977 Shape 2025 Mayoral Politics in New York,https://www.vitalcitynyc.org/echoes-of-1977-shape-2025-mayoral-politics-in-new-york/,David R. Eichenthal,unreviewed,,Congress; NYPD; City Council,,,,,,
getting-government-under-comptrol,2025-04-09T22:11:31,Getting Government Under Comptrol,https://www.vitalcitynyc.org/getting-government-under-comptrol/,Jamie Rubin,unreviewed,,Comptroller; NYCHA; HPD; City Council; HHS,,,,,,
what-really-drives-gun-violence-matthew-yglesias-and-jens-ludwig-in-conversation,2025-04-15T18:00:00,What Really Drives Gun Violence? Matthew Yglesias and Jens Ludwig in Conversation,https://www.vitalcitynyc.org/what-really-drives-gun-violence-matthew-yglesias-and-jens-ludwig-in-conversation/,Jens Ludwig,unreviewed,,,,,,,,
how-starbucks-and-other-coffee-shops-spark-entrepreneurship,2025-04-16T16:01:54,How Starbucks (and Other Coffee Shops) Spark Entrepreneurship,https://www.vitalcitynyc.org/how-starbucks-and-other-coffee-shops-spark-entrepreneurship/,Jorge Guzman,unreviewed,,,,,,,,
why-does-everything-cost-so-much,2025-04-16T16:02:03,Why Does Everything Cost So Much?,https://www.vitalcitynyc.org/why-does-everything-cost-so-much/,David Schleicher,unreviewed,,,,,,,,
holding-the-center-vital-city-at-three,2025-04-17T16:00:04,Holding the Center,https://www.vitalcitynyc.org/holding-the-center-vital-city-at-three/,Elizabeth Glazer,unreviewed,,,,,,,,
when-pro-bono-is-a-con,2025-04-23T14:42:37,When Pro Bono is a Con,https://www.vitalcitynyc.org/when-pro-bono-is-a-con/,Jamie Rubin,unreviewed,,White House; State AG; District Attorney,,,,,,
if-free-buses-arent-wise-what-about-cheaper-citi-bikes,2025-04-23T16:00:33,"If Free Buses Aren’t Wise, What About Cheaper Citi Bikes?",https://www.vitalcitynyc.org/if-free-buses-arent-wise-what-about-cheaper-citi-bikes/,Austin Celestin,unreviewed,,DOT; City Council; MTA; Comptroller; State Legislature,,,,,,
imagine-a-real-new-york-mayoral-election,2025-04-25T13:06:46,A Real New York Mayoral Election,https://www.vitalcitynyc.org/imagine-a-real-new-york-mayoral-election/,Josh Greenman,unreviewed,,State Legislature; City Council; Mayor's Office,,,,,,
trumps-bizarro-new-deal,2025-04-29T19:35:30,The Bizarro New Deal: Trump’s Dark Inversion of FDR’s First 100 Days,https://www.vitalcitynyc.org/trumps-bizarro-new-deal/,Adam Cohen,unreviewed,,White House; Congress; DOE; HHS; Supreme Court,,,,,,
trumps-executive-orders-have-cities-in-the-crosshairs,2025-04-29T19:35:30,Trump’s Executive Orders Have Cities in the Crosshairs,https://www.vitalcitynyc.org/trumps-executive-orders-have-cities-in-the-crosshairs/,Meryl Chertoff,unreviewed,,Congress; White House; OMB; State AG; DOJ; Supreme Court,,,,,,
donald-trump-vs-the-rule-of-law-and-new-york-city,2025-04-29T19:35:30,"Donald Trump vs. the Rule of Law, and New York City",https://www.vitalcitynyc.org/donald-trump-vs-the-rule-of-law-and-new-york-city/,Harry Siegel,unreviewed,,State AG; NYPD; State Legislature; DOJ; White House,,,,,,
what-you-can-do-about-trump,2025-04-29T19:35:30,What You Can Do About Trump,https://www.vitalcitynyc.org/what-you-can-do-about-trump/,No byline,unreviewed,,White House; Congress; State Legislature,,,,,,
is-it-time-for-cities-to-go-it-alone,2025-04-29T19:35:30,Is It Time for Cities to Go It Alone?,https://www.vitalcitynyc.org/is-it-time-for-cities-to-go-it-alone/,Richard Schragger,unreviewed,,White House; Congress; State Legislature,,,,,,
drop-dead-city-review,2025-04-30T20:19:27,When New York City Truly Teetered on the Brink,https://www.vitalcitynyc.org/drop-dead-city-review/,Neil Barsky,unreviewed,,Mayor's Office,,,,,,
jens-ludwig-interview,2025-05-01T14:01:57,Rethinking Gun Violence,https://www.vitalcitynyc.org/jens-ludwig-interview/,No byline,unreviewed,,,,,,,,
annemarie-gray-interview,2025-05-01T16:15:30,More Homes for More New Yorkers,https://www.vitalcitynyc.org/annemarie-gray-interview/,Jamie Rubin,unreviewed,,NYCHA; State Legislature; City Council,,,,,,
maya-kornberg-interview,2025-05-07T19:18:47,A Challenger for the Council,https://www.vitalcitynyc.org/maya-kornberg-interview/,Jamie Rubin,unreviewed,,City Council; Congress; NYPD; State Legislature,,,,,,
can-the-usdot-end-mtas-congestion-pricing-system,2025-05-07T19:45:39,Can the U.S. Department of Transportation End the MTA’s Congestion Pricing System?,https://www.vitalcitynyc.org/can-the-usdot-end-mtas-congestion-pricing-system/,Roderick Hills,unreviewed,,MTA; Congress; OMB; DOT; White House; Governor; State Legislature; ICE; Supreme Court,,,,,,
the-truth-about-shootings-in-new-york-city,2025-05-08T15:30:04,The Truth About Shootings in New York City,https://www.vitalcitynyc.org/the-truth-about-shootings-in-new-york-city/,Marcos F. Soler,unreviewed,,,,,,,,
a-nation-and-city-less-secure,2025-05-09T14:00:06,A Nation and City Less Secure,https://www.vitalcitynyc.org/a-nation-and-city-less-secure/,Andrew Weissmann,unreviewed,,State AG; DOJ; FBI; Congress; Supreme Court; White House,,,,,,
the-retail-reckoning,2025-05-14T18:20:37,The Retail Reckoning,https://www.vitalcitynyc.org/the-retail-reckoning/,Sulin Carling,unreviewed,,DCP,,,,,,
why-does-ems-worker-pay-remain-so-lousy,2025-05-14T18:20:52,Why Does EMS Worker Pay Remain So Lousy? Blame Politics,https://www.vitalcitynyc.org/why-does-ems-worker-pay-remain-so-lousy/,Richard Steier,unreviewed,,FDNY; NYPD; City Council,,,,,,
a-rare-remedy-to-the-persistent-brutality-of-rikers,2025-05-15T12:51:00,A Rare Remedy to Rikers’ Persistent Brutality,https://www.vitalcitynyc.org/a-rare-remedy-to-the-persistent-brutality-of-rikers/,Elizabeth Glazer,unreviewed,,,,,,,,
ross-barkan-on-whos-not-running-and-why,2025-05-21T19:00:06,Ross Barkan on Who's Not Running and Why,https://www.vitalcitynyc.org/ross-barkan-on-whos-not-running-and-why/,Jamie Rubin,unreviewed,,Congress,,,,,,
the-essential-role-of-judges-in-the-effort-to-close-rikers-island,2025-05-21T20:00:41,The Essential Role of Judges in the Effort to Close Rikers Island,https://www.vitalcitynyc.org/the-essential-role-of-judges-in-the-effort-to-close-rikers-island/,Lawrence K. Marks,unreviewed,,,,,,,,
ai-and-the-future-of-cities,2025-05-28T19:00:30,Avoiding the Jetsons Fallacy: AI and the Future of the City,https://www.vitalcitynyc.org/ai-and-the-future-of-cities/,Michael Lind,unreviewed,,,,,,,,
congestion-pricing-across-america,2025-05-29T16:38:06,Congestion Pricing Across America,https://www.vitalcitynyc.org/congestion-pricing-across-america/,Arpit Gupta,unreviewed,,MTA; White House; State Legislature,,,,,,
tom-robbins-and-the-slow-death-of-common-civic-cul,2025-05-29T20:00:18,Tom Robbins and the Slow Death of Common Civic Culture,https://www.vitalcitynyc.org/tom-robbins-and-the-slow-death-of-common-civic-cul/,Josh Greenman,unreviewed,,,,,,,,
an-antidote-to-doge-strengthening-urban-policy-entrepreneurs,2025-05-30T14:00:05,An Antidote to DOGE? Strengthening Urban Policy Entrepreneurs,https://www.vitalcitynyc.org/an-antidote-to-doge-strengthening-urban-policy-entrepreneurs/,Cara Eckholm,unreviewed,,DSNY; DOT; Mayor's Office; DYCD; EDC,,,,,,
we-need-housing-and-green-spaces-too,2025-06-04T17:29:29,"We Need Housing — and Green Spaces, Too",https://www.vitalcitynyc.org/we-need-housing-and-green-spaces-too/,Katalin Balog,unreviewed,,DPR; City Council,,,,,,
will-we-ever-swim-in-the-east-river,2025-06-04T17:29:35,Will We Ever Swim in the East River?,https://www.vitalcitynyc.org/will-we-ever-swim-in-the-east-river/,Nicky von Hartz Shapiro,unreviewed,,,,,,,,
ed-glaeser-and-david-schleicher-dissect-nycs-mayoral-candidates,2025-06-04T17:29:41,Two Top Thinkers on Cities Dissect NYC’s Mayoral Candidates,https://www.vitalcitynyc.org/ed-glaeser-and-david-schleicher-dissect-nycs-mayoral-candidates/,Jamie Rubin,unreviewed,,NYCHA; Congress; White House,,,,,,
what-the-mayoral-debate-missed,2025-06-05T16:31:35,What the Mayoral Debate Missed,https://www.vitalcitynyc.org/what-the-mayoral-debate-missed/,Harry Siegel,unreviewed,,ICE; White House,,,,,,
how-trump-twists-the-uses-of-the-national-guard,2025-06-11T19:58:06,How Trump Twists the Uses of the National Guard,https://www.vitalcitynyc.org/how-trump-twists-the-uses-of-the-national-guard/,Matthew Dallek,unreviewed,,ICE; White House; Congress; Supreme Court,,,,,,
safer-cities-in-context,2025-06-16T14:30:00,"Safer Cities, In Context",https://www.vitalcitynyc.org/safer-cities-in-context/,Paul Reeping,unreviewed,,,,,,,,
new-yorks-five-political-types,2025-06-16T15:00:00,New York’s Five Political Types,https://www.vitalcitynyc.org/new-yorks-five-political-types/,John Della Volpe,unreviewed,,MTA,,,,,,
everyone-got-cities-wrong,2025-06-16T15:30:00,Everyone Got Cities Wrong,https://www.vitalcitynyc.org/everyone-got-cities-wrong/,Richard Florida,unreviewed,,,,,,,,
zohran-mamdani-and-andrew-cuomo-arent-as-different-as-you-might-think,2025-06-16T16:00:45,Zohran Mamdani and Andrew Cuomo Aren’t as Different as You Might Think,https://www.vitalcitynyc.org/zohran-mamdani-and-andrew-cuomo-arent-as-different-as-you-might-think/,Josh Greenman,unreviewed,,Comptroller; State Legislature; NYPD; White House,,,,,,
is-new-york-broken,2025-06-16T16:00:54,New York is Not Broken,https://www.vitalcitynyc.org/is-new-york-broken/,Greg Berman,unreviewed,,,,,,,,
the-most-interesting-thing-on-the-ballot-this-fall,2025-06-17T16:00:00,The Most Interesting Thing on the Ballot this Fall,https://www.vitalcitynyc.org/the-most-interesting-thing-on-the-ballot-this-fall/,David Schleicher,unreviewed,,City Council; DCP; Comptroller; Supreme Court,,,,,,
meera-joshi-interview,2025-06-18T20:57:22,The Art of Urban Governance,https://www.vitalcitynyc.org/meera-joshi-interview/,Jamie Rubin,unreviewed,,,,,,,,
our-advice-to-the-new-york-times-about-a-vexing-editorial-decision,2025-06-20T17:34:23,Our Advice to The New York Times About a Vexing Editorial Decision,https://www.vitalcitynyc.org/our-advice-to-the-new-york-times-about-a-vexing-editorial-decision/,No byline,unreviewed,,Comptroller; State Legislature; City Council; Mayor's Office; State AG; ICE,,,,,,
mamdani-candidate-today-leader-tomorrow,2025-07-01T12:48:00,"Mamdani: Candidate Today, Leader Tomorrow",https://www.vitalcitynyc.org/mamdani-candidate-today-leader-tomorrow/,David R. Eichenthal,unreviewed,,DOI; Mayor's Office; White House; DOE; HPD; City Council; State AG; HUD,,,,,,
fifty-years-of-injustice-at-rikers,2025-07-01T14:00:58,Fifty Years of Injustice at Rikers,https://www.vitalcitynyc.org/fifty-years-of-injustice-at-rikers/,Michael B. Mushlin,unreviewed,,Supreme Court; DOC; Congress,,,,,,
how-do-you-solve-a-problem-like-fees-and-fines,2025-07-01T14:33:06,How Do You Solve a Problem Like Fees and Fines?,https://www.vitalcitynyc.org/how-do-you-solve-a-problem-like-fees-and-fines/,Leah Nelson,unreviewed,,,,,,,,
new-yorks-primary-and-the-power-of-better-election,2025-07-02T12:44:00,New York’s Primary and the Power of Better Elections,https://www.vitalcitynyc.org/new-yorks-primary-and-the-power-of-better-election/,Grace Rauh,unreviewed,,,,,,,,
how-mamdani-can-win-and-govern,2025-07-02T16:02:03,"How Mamdani Can Win, and Govern",https://www.vitalcitynyc.org/how-mamdani-can-win-and-govern/,Jamie Rubin,unreviewed,,State Legislature,,,,,,
why-abundance-matters,2025-07-10T14:31:03,Why “Abundance” Matters,https://www.vitalcitynyc.org/why-abundance-matters/,Greg Berman,unreviewed,,Congress,,,,,,
how-to-get-smarter-about-fighting-crime,2025-07-10T20:00:40,How to Get Smarter About Fighting Crime,https://www.vitalcitynyc.org/how-to-get-smarter-about-fighting-crime/,Marc A. Levin,unreviewed,,White House,,,,,,
does-eric-adams-have-a-chance,2025-07-16T13:00:01,Does Eric Adams Have a Chance?,https://www.vitalcitynyc.org/does-eric-adams-have-a-chance/,Avi Schick,unreviewed,,Comptroller; State Legislature; Congress; White House,,,,,,
safe-only-at-certain-speeds,2025-07-16T13:30:32,Safe Only at Certain Speeds,https://www.vitalcitynyc.org/safe-only-at-certain-speeds/,Charles Komanoff,unreviewed,,DOT; Supreme Court,,,,,,
is-modular-part-of-new-yorks-housing-solution,2025-07-16T16:54:53,Is Modular Part of New York’s Housing Solution?,https://www.vitalcitynyc.org/is-modular-part-of-new-yorks-housing-solution/,Jamie Rubin,unreviewed,,,,,,,,
four-ballot-items-to-unlock-more-new-york-city-housing,2025-07-22T15:55:00,Four Ballot Items to Unlock More New York City Housing,https://www.vitalcitynyc.org/four-ballot-items-to-unlock-more-new-york-city-housing/,Jessica Katz,unreviewed,,City Council; HPD; DCP,,,,,,
how-small-acts-shape-great-cities,2025-07-24T16:00:01,How Small Acts Shape Great Cities,https://www.vitalcitynyc.org/how-small-acts-shape-great-cities/,Caryl Englander,unreviewed,,DSNY,,,,,,
urban-infrastructure-reexamined,2025-07-24T16:34:55,"Urban Infrastructure, Reexamined",https://www.vitalcitynyc.org/urban-infrastructure-reexamined/,Thomas Mellins,unreviewed,,MTA,,,,,,
how-you-yes-you-can-help-new-york-city-thrive,2025-07-29T18:00:26,"How You (Yes, You) Can Help New York City Thrive",https://www.vitalcitynyc.org/how-you-yes-you-can-help-new-york-city-thrive/,Julie Sandorf,unreviewed,,ICE,,,,,,
adams-abdication-has-new-york-city-at-trumps-mercy,2025-07-29T18:30:12,Adams’ Abdication Has New York City at Trump’s Mercy,https://www.vitalcitynyc.org/adams-abdication-has-new-york-city-at-trumps-mercy/,Harry Siegel,unreviewed,,ICE; White House; DHS; Comptroller; NYPD; DOJ; Congress,,,,,,
government-is-already-in-the-grocery-business,2025-07-31T14:00:00,Guess What? Government Is Already in the Grocery Business.,https://www.vitalcitynyc.org/government-is-already-in-the-grocery-business/,Nevin Cohen,unreviewed,,NYCHA; DOHMH; EDC,,,,,,
the-state-of-crime-in-new-york-city-at-midyear-2025,2025-07-31T16:31:19,The State of Crime in New York City at Midyear 2025,https://www.vitalcitynyc.org/the-state-of-crime-in-new-york-city-at-midyear-2025/,No byline,unreviewed,,NYPD; DOC; FBI,,,,,,
beyond-free-buses,2025-07-31T19:00:00,Beyond Free Buses,https://www.vitalcitynyc.org/beyond-free-buses/,Eric Goldwyn,unreviewed,,MTA; DOT; City Council; DEP; Comptroller; State Legislature,,,,,,
a-tale-of-two-new-yorkers-didarul-islam-and-zohran-mamdani,2025-07-31T20:00:41,A Tale of Two New Yorkers: Didarul Islam and Zohran Mamdani,https://www.vitalcitynyc.org/a-tale-of-two-new-yorkers-didarul-islam-and-zohran-mamdani/,Brandon del Pozo,unreviewed,,NYPD,,,,,,
the-june-24-new-york-city-earthquake,2025-08-01T13:55:00,The June 24 New York City Earthquake,https://www.vitalcitynyc.org/the-june-24-new-york-city-earthquake/,No byline,unreviewed,,State AG; Congress,,,,,,
zohran-mamdani-in-the-balance,2025-08-01T14:00:00,Zohran Mamdani in the Balance,https://www.vitalcitynyc.org/zohran-mamdani-in-the-balance/,Josh Greenman,unreviewed,,State Legislature; NYPD; Mayor's Office; MTA,,,,,,
how-zohran-mamdani-could-succeed-as-mayor,2025-08-01T14:15:00,How Zohran Mamdani Could Succeed as Mayor,https://www.vitalcitynyc.org/how-zohran-mamdani-could-succeed-as-mayor/,Bradley Tusk,unreviewed,,MTA; Mayor's Office; CCRB; State Legislature,,,,,,
siesta-time-new-york,2025-08-01T14:31:02,"Siesta Time, New York?",https://www.vitalcitynyc.org/siesta-time-new-york/,David Gurin,unreviewed,,ACS,,,,,,
mamdani-needs-a-staffing-plan,2025-08-01T21:00:00,Zohran Mamdani Needs a Staffing Plan,https://www.vitalcitynyc.org/mamdani-needs-a-staffing-plan/,Caitlin Lewis,unreviewed,,Comptroller,,,,,,
a-budget-crash-course-for-zohran-mamdani,2025-08-01T21:02:00,A Budget Crash Course for Zohran Mamdani,https://www.vitalcitynyc.org/a-budget-crash-course-for-zohran-mamdani/,Carol Kellermann,unreviewed,,State Legislature; Comptroller; OMB,,,,,,
calling-the-cops-less-often,2025-08-06T12:38:00,Calling the Cops Less Often,https://www.vitalcitynyc.org/calling-the-cops-less-often/,Scarlet Neath,unreviewed,,NYPD; Comptroller,,,,,,
how-new-york-citys-building-emission-law-may-harm-the-environment-and-economy,2025-08-06T17:00:08,How New York City’s Building Emission Law May Harm the Environment and the Economy,https://www.vitalcitynyc.org/how-new-york-citys-building-emission-law-may-harm-the-environment-and-economy/,Howard Yaruss,unreviewed,,Mayor's Office; Comptroller; White House,,,,,,
what-new-yorkers-should-know-about-nypd-staffing,2025-08-08T13:00:04,Reality Check: Does the NYPD Need To Hire More Cops?,https://www.vitalcitynyc.org/what-new-yorkers-should-know-about-nypd-staffing/,John Hall,unreviewed,,NYPD; Mayor's Office,,,,,,
the-catholic-church-at-a-crossroads,2025-08-13T18:57:14,New York City's Catholic Church at a Crossroads,https://www.vitalcitynyc.org/the-catholic-church-at-a-crossroads/,Eileen Markey,unreviewed,,White House; ICE,,,,,,
zohran-mamdanis-uphill-battle-on-public-grocery-stores,2025-08-14T16:07:47,Zohran Mamdani’s Uphill Battle on Public Grocery Stores,https://www.vitalcitynyc.org/zohran-mamdanis-uphill-battle-on-public-grocery-stores/,Michael Santorelli,unreviewed,,,,,,,,
whats-behind-baltimores-drastic-reduction-in-violence,2025-08-21T16:19:14,What’s Behind Baltimore’s Drastic Reduction in Violence,https://www.vitalcitynyc.org/whats-behind-baltimores-drastic-reduction-in-violence/,Jeremy Biddle,unreviewed,,Mayor's Office,,,,,,
when-buses-and-subways-were-free,2025-08-21T16:19:22,When Buses and Subways Were Free,https://www.vitalcitynyc.org/when-buses-and-subways-were-free/,Wendell Jamieson,unreviewed,,MTA; City Council,,,,,,
what-it-will-take-to-implement-free-childcare-in-new-york-city,2025-08-21T19:30:42,Free Child Care in Real Life: What It Will Take to Implement,https://www.vitalcitynyc.org/what-it-will-take-to-implement-free-childcare-in-new-york-city/,Elliot Haspel,unreviewed,,DOE; City Council,,,,,,
mamdanis-facilitators-frenemiesor-foes,2025-09-03T19:00:04,"Mamdani’s Facilitators, Frenemies or Foes",https://www.vitalcitynyc.org/mamdanis-facilitators-frenemiesor-foes/,David Schleicher,unreviewed,,State Legislature; Congress; MTA; NYPD; ICE; White House,,,,,,
five-years-that-shaped-the-modern-city,2025-09-04T17:00:00,Five Years That Shaped the Modern City,https://www.vitalcitynyc.org/five-years-that-shaped-the-modern-city/,Neil Barsky,unreviewed,,,,,,,,
reality-check-whos-the-guard-really-guarding-in-us-cities,2025-09-05T15:41:23,Reality Check: Who’s the Guard Really Guarding in U.S. Cities?,https://www.vitalcitynyc.org/reality-check-whos-the-guard-really-guarding-in-us-cities/,No byline,unreviewed,,ICE,,,,,,
let-new-york-vote-for-more-housing,2025-09-08T21:04:44,Let New York Vote for More Housing,https://www.vitalcitynyc.org/let-new-york-vote-for-more-housing/,Roderick Hills,unreviewed,,City Council; Supreme Court,,,,,,
forging-firearm-folklore,2025-09-10T08:12:00,Forging Firearm Folklore,https://www.vitalcitynyc.org/forging-firearm-folklore/,Nick Suplina,unreviewed,,,,,,,,
one-nation-under-guns,2025-09-10T15:30:00,One Nation Under Guns,https://www.vitalcitynyc.org/one-nation-under-guns/,Robert J. Spitzer,unreviewed,,Supreme Court; Congress,,,,,,
a-brief-biography-of-the-second-amendment,2025-09-10T16:00:00,A Brief Biography of the Second Amendment,https://www.vitalcitynyc.org/a-brief-biography-of-the-second-amendment/,Jack Rakove,unreviewed,,Supreme Court; Congress,,,,,,
when-products-can-kill,2025-09-10T16:30:00,When Products Can Kill,https://www.vitalcitynyc.org/when-products-can-kill/,Brendan O'Flaherty,unreviewed,,,,,,,,
state-gun-laws-matter,2025-09-10T16:31:00,State Gun Laws Matter,https://www.vitalcitynyc.org/state-gun-laws-matter/,Morgan C. Williams Jr.,unreviewed,,Supreme Court; ATF,,,,,,
the-missing-fingerprints-at-crime-scenes,2025-09-10T16:32:00,The Missing Fingerprints at Crime Scenes,https://www.vitalcitynyc.org/the-missing-fingerprints-at-crime-scenes/,Olivia Li,unreviewed,,ATF; White House; Congress; State AG; DOJ,,,,,,
how-civil-law-can-help-prevent-gun-tragedies,2025-09-10T16:33:00,The Long Chain,https://www.vitalcitynyc.org/how-civil-law-can-help-prevent-gun-tragedies/,Keith Ellison,unreviewed,,State AG; Supreme Court,,,,,,
gun-culture-then-and-now,2025-09-10T16:34:41,Gun Culture Then and Now,https://www.vitalcitynyc.org/gun-culture-then-and-now/,Brian DeLay,unreviewed,,Supreme Court,,,,,,
the-case-against-futility-in-gun-regulation,2025-09-10T16:34:41,The Case Against Futility,https://www.vitalcitynyc.org/the-case-against-futility-in-gun-regulation/,Philip J. Cook,unreviewed,,ATF; NYPD; White House; Supreme Court,,,,,,
licensed-to-kill-concealed-carry-training-course,2025-09-10T16:34:41,Licensed to Kill,https://www.vitalcitynyc.org/licensed-to-kill-concealed-carry-training-course/,Chris Marvin,unreviewed,,,,,,,,
how-modern-bullets-maximize-lethality,2025-09-10T16:34:41,How Modern Bullets Maximize Lethality,https://www.vitalcitynyc.org/how-modern-bullets-maximize-lethality/,Stephen Hargarten,unreviewed,,,,,,,,
guns-my-family-and-me,2025-09-10T16:34:41,"Guns, My Family and Me",https://www.vitalcitynyc.org/guns-my-family-and-me/,Theodore Roosevelt IV,unreviewed,,ATF; Supreme Court,,,,,,
breaking-through-with-the-next-generation-on-firearms,2025-09-10T16:34:41,Breaking Through With the Next Generation,https://www.vitalcitynyc.org/breaking-through-with-the-next-generation-on-firearms/,Nina Vinik,unreviewed,,,,,,,,
my-seven-guns-a-personal-inventory,2025-09-10T16:34:41,My Seven Guns: A Personal Inventory,https://www.vitalcitynyc.org/my-seven-guns-a-personal-inventory/,Charles Buckhanan,unreviewed,,,,,,,,
pointing-a-firearm-or-looking-down-its-barrel,2025-09-10T16:34:41,Pointing a Firearm or Looking Down Its Barrel,https://www.vitalcitynyc.org/pointing-a-firearm-or-looking-down-its-barrel/,No byline,unreviewed,,NYPD; Mayor's Office; White House,,,,,,
editors-note-issue-13,2025-09-10T16:34:41,Editors’ Note,https://www.vitalcitynyc.org/editors-note-issue-13/,Megan Kang,unreviewed,,State AG; Supreme Court,,,,,,
the-80-20-rule-of-gun-supply,2025-09-10T16:34:41,The 80/20 Rule of Gun Supply,https://www.vitalcitynyc.org/the-80-20-rule-of-gun-supply/,Daniel Semenza,unreviewed,,ATF; White House,,,,,,
the-money-behind-mass-shootings,2025-09-10T16:34:41,The Money Behind Mass Shootings,https://www.vitalcitynyc.org/the-money-behind-mass-shootings/,Greg Lickenbrock,unreviewed,,ATF; Congress,,,,,,
what-we-know-and-dont-know-about-guns,2025-09-10T16:34:41,What We Know and Don’t Know About Guns,https://www.vitalcitynyc.org/what-we-know-and-dont-know-about-guns/,Kate Daugherty,unreviewed,,ATF,,,,,,
the-good-gun-owner,2025-09-10T16:34:41,The Good Gun Owner,https://www.vitalcitynyc.org/the-good-gun-owner/,Samantha J. Simon,unreviewed,,,,,,,,
learning-from-australias-gun-evolution,2025-09-10T16:34:41,"A Different Frontier, a Parallel History",https://www.vitalcitynyc.org/learning-from-australias-gun-evolution/,Ted Alcorn,unreviewed,,Supreme Court,,,,,,
before-the-trigger-is-pulled,2025-09-10T16:34:41,Before the Trigger Is Pulled,https://www.vitalcitynyc.org/before-the-trigger-is-pulled/,Jens Ludwig,unreviewed,,FBI; Supreme Court,,,,,,
the-growth-of-the-firearm-industry,2025-09-10T16:40:00,The Growth of the Firearm Industry,https://www.vitalcitynyc.org/the-growth-of-the-firearm-industry/,Andrew C. McKevitt,unreviewed,,Congress,,,,,,
zohran-mamdani-talks-public-safety,2025-09-12T13:57:32,Zohran Mamdani Talks Public Safety,https://www.vitalcitynyc.org/zohran-mamdani-talks-public-safety/,No byline,unreviewed,,NYPD; Governor; State Legislature; State AG; Mayor's Office; DOE; DHS; City Council; MTA; DOCCS; White House,,,,,,
build-big-without-delay,2025-09-17T14:00:00,Build Big Without Delay,https://www.vitalcitynyc.org/build-big-without-delay/,David Brawley,unreviewed,,NYCHA; HPD; NYPD; FDNY; City Council; Comptroller,,,,,,
crossing-delancey-one-projects-story,2025-09-17T14:30:00,Crossing Delancey: One Project’s Story,https://www.vitalcitynyc.org/crossing-delancey-one-projects-story/,Carlina Rivera,unreviewed,,City Council,,,,,,
the-real-story-of-co-op-city,2025-09-17T14:41:00,The Real Story of Co-op City,https://www.vitalcitynyc.org/the-real-story-of-co-op-city/,Annemarie H. Sammartino,unreviewed,,,,,,,,
the-form-density-takes,2025-09-17T15:00:00,The Form Density Takes,https://www.vitalcitynyc.org/the-form-density-takes/,Claire Weisz,unreviewed,,HPD,,,,,,
call-it-gentlefication,2025-09-17T15:20:00,Building Neighborhoods on Trust,https://www.vitalcitynyc.org/call-it-gentlefication/,David Kemper,unreviewed,,HPD; DCP,,,,,,
the-quality-of-quantity,2025-09-17T15:25:00,The Quality of Quantity,https://www.vitalcitynyc.org/the-quality-of-quantity/,Vishaan Chakrabarti,unreviewed,,,,,,,,
a-new-construction-lender-in-town,2025-09-17T15:30:00,A New Construction Lender in Town,https://www.vitalcitynyc.org/a-new-construction-lender-in-town/,Paul Williams,unreviewed,,NYCHA,,,,,,
predictability-begets-productivity,2025-09-17T15:35:00,Predictability Begets Productivity: A Conversation with Alicia Glen,https://www.vitalcitynyc.org/predictability-begets-productivity/,No byline,unreviewed,,HPD; NYCHA; DOB; State Legislature,,,,,,
building-better-piece-by-piece,2025-09-17T15:40:00,"Building Better, Piece by Piece",https://www.vitalcitynyc.org/building-better-piece-by-piece/,Cara Eckholm,unreviewed,,HUD; NYCHA; White House,,,,,,
the-promise-of-floating-zoning,2025-09-17T15:45:00,The Promise of Floating Zoning,https://www.vitalcitynyc.org/the-promise-of-floating-zoning/,Kaley Pillinger,unreviewed,,City Council; DCP; EDC; State Legislature; Supreme Court,,,,,,
when-government-built-homes-for-people,2025-09-17T15:50:00,What Can We Learn from Social Housing?,https://www.vitalcitynyc.org/when-government-built-homes-for-people/,Jonathan Tarleton,unreviewed,,HPD; NYCHA,,,,,,
california-dreaming,2025-09-17T15:50:00,California Dreaming,https://www.vitalcitynyc.org/california-dreaming/,Ned Resnikoff,unreviewed,,State Legislature; Congress,,,,,,
how-housing-supply-and-design-intersect,2025-09-17T15:50:00,How Housing Supply and Design Intersect,https://www.vitalcitynyc.org/how-housing-supply-and-design-intersect/,Jamie Rubin,unreviewed,,,,,,,,
the-misunderstood-urban-nimby,2025-09-17T15:55:00,The Misunderstood Urban NIMBY,https://www.vitalcitynyc.org/the-misunderstood-urban-nimby/,Freddie deBoer,unreviewed,,,,,,,,
local-democracy-is-land-use-policy,2025-09-17T16:00:00,Local Democracy is Land-Use Policy,https://www.vitalcitynyc.org/local-democracy-is-land-use-policy/,David Schleicher,unreviewed,,City Council,,,,,,
my-first-adult-apartment,2025-09-17T16:00:15,My First Adult Apartment,https://www.vitalcitynyc.org/my-first-adult-apartment/,No byline,unreviewed,,NYPD; ICE,,,,,,
a-housing-agenda-for-the-next-mayor,2025-09-17T16:00:15,A Housing Agenda for the Next Mayor,https://www.vitalcitynyc.org/a-housing-agenda-for-the-next-mayor/,Jamie Rubin,unreviewed,,NYCHA; EDC; Mayor's Office; HPD; DCP; FDNY; DOB; NYS DEC; HUD; Congress,,,,,,
the-rent-is-too-damn-high-but-also-too-low,2025-09-17T16:00:15,The Rent Is Too Damn High (But Also Too Low),https://www.vitalcitynyc.org/the-rent-is-too-damn-high-but-also-too-low/,Howard Slatkin,unreviewed,,State Legislature,,,,,,
what-hangs-in-the-balance-sheets,2025-09-17T16:00:15,What Hangs in the Balance Sheets,https://www.vitalcitynyc.org/what-hangs-in-the-balance-sheets/,No byline,unreviewed,,NYCHA,,,,,,
the-property-tax-cannot-stand,2025-09-17T16:00:15,The Property Tax Cannot Stand,https://www.vitalcitynyc.org/the-property-tax-cannot-stand/,Martha Stark,unreviewed,,City Council; NY Court of Appeals; State Legislature; State AG,,,,,,
the-high-price-of-fine-print,2025-09-17T16:00:15,The High Price of Fine Print,https://www.vitalcitynyc.org/the-high-price-of-fine-print/,Henry Grabar,unreviewed,,DOB; City Council,,,,,,
teachings-from-tokyo,2025-09-17T16:00:15,Teachings from Tokyo,https://www.vitalcitynyc.org/teachings-from-tokyo/,Joe McReynolds,unreviewed,,City Council; Mayor's Office,,,,,,
new-york-city-needs-a-two-track-mind,2025-09-17T16:00:15,New York City Needs a Two-Track Mind,https://www.vitalcitynyc.org/new-york-city-needs-a-two-track-mind/,Yonah Freemark,unreviewed,,City Council; MTA,,,,,,
why-it-costs-so-much-to-build-in-new-york-city,2025-09-17T16:00:15,Why It Costs So Much To Build in New York City,https://www.vitalcitynyc.org/why-it-costs-so-much-to-build-in-new-york-city/,Sean Campion,unreviewed,,DOB,,,,,,
learning-from-jersey-city,2025-09-17T16:00:15,Learning from Jersey City,https://www.vitalcitynyc.org/learning-from-jersey-city/,Benjamin Schneider,unreviewed,,State Legislature; Comptroller; DEA,,,,,,
jane-jacobs-and-the-quest-for-goldilocks-density,2025-09-17T16:03:00,Jane Jacobs and the Quest for Goldilocks Density,https://www.vitalcitynyc.org/jane-jacobs-and-the-quest-for-goldilocks-density/,Anthony Flint,unreviewed,,Congress,,,,,,
new-yorks-housing-crisis-self-inflicted-and-solvable,2025-09-17T16:04:00,New York’s Housing Crisis: Self-Inflicted and Solvable,https://www.vitalcitynyc.org/new-yorks-housing-crisis-self-inflicted-and-solvable/,Annemarie Gray,unreviewed,,City Council; NYCHA; DCP; State Legislature,,,,,,
brick-by-brick-rule-by-rule,2025-09-17T16:05:00,"Editors' Note: Brick by Brick, Rule by Rule",https://www.vitalcitynyc.org/brick-by-brick-rule-by-rule/,Greg Berman,unreviewed,,City Council; State Legislature; White House,,,,,,
what-happens-if-adams-resigns,2025-09-18T19:14:52,What Happens If Adams Resigns,https://www.vitalcitynyc.org/what-happens-if-adams-resigns/,Jamie Rubin,unreviewed,,White House,,,,,,
newark-and-the-limits-of-criminal-justice-reform,2025-09-24T12:25:00,Newark and the Limits of Criminal Justice Reform,https://www.vitalcitynyc.org/newark-and-the-limits-of-criminal-justice-reform/,Josiah Bates,unreviewed,,,,,,,,
crime-victims-can-help-point-the-way-forward,2025-09-25T15:02:52,Crime Victims Can Help Point the Way Forward,https://www.vitalcitynyc.org/crime-victims-can-help-point-the-way-forward/,Jeremy Travis,unreviewed,,White House,,,,,,
jonathan-mahler-thomas-dyja-gods-of-new-york,2025-09-25T15:03:01,A City of Winners and Losers: New York in the 1980s,https://www.vitalcitynyc.org/jonathan-mahler-thomas-dyja-gods-of-new-york/,No byline,unreviewed,,,,,,,,
is-eric-adams-our-last-tabloid-mayor,2025-10-01T20:14:56,Is Eric Adams Our Last Tabloid Mayor?,https://www.vitalcitynyc.org/is-eric-adams-our-last-tabloid-mayor/,Jere Hester,unreviewed,,NYPD; Mayor's Office; State Legislature,,,,,,
how-nycha-can-serve-more-new-yorkers-without-any-new-buildings,2025-10-03T14:26:38,How NYCHA Can Serve More New Yorkers — Without Any New Buildings,https://www.vitalcitynyc.org/how-nycha-can-serve-more-new-yorkers-without-any-new-buildings/,Howard Husock,unreviewed,,NYCHA; HUD; White House,,,,,,
percy-sutton-eric-adams-and-the-state-of-black-political-power-in-new-york,2025-10-03T14:35:06,"Percy Sutton, Eric Adams and the State of Black Political Power in New York",https://www.vitalcitynyc.org/percy-sutton-eric-adams-and-the-state-of-black-political-power-in-new-york/,Basil Smikle Jr.,unreviewed,,State AG; Public Advocate,,,,,,
designing-cities-for-a-sustainable-climate-future,2025-10-08T19:31:27,Designing Cities to Go the Distance,https://www.vitalcitynyc.org/designing-cities-for-a-sustainable-climate-future/,Carol Goodstein,unreviewed,,Congress; City Council; ICE,,,,,,
curtis-sliwa-talks-public-safety,2025-10-10T15:05:14,Curtis Sliwa Talks Public Safety,https://www.vitalcitynyc.org/curtis-sliwa-talks-public-safety/,No byline,unreviewed,,NYPD; City Council; District Attorney; Governor; ICE; DOC; Comptroller; Five Borough DAs; MTA; State Legislature; FBI; White House,,,,,,
leslie-day-interview-hudson-river-houseboat,2025-10-16T16:05:11,"Living in the City, Floating on the Hudson: A Conversation with Leslie Day",https://www.vitalcitynyc.org/leslie-day-interview-hudson-river-houseboat/,No byline,unreviewed,,,,,,,,
bill-de-blasio-role-model,2025-10-17T11:08:00,"Bill de Blasio, Role Model?",https://www.vitalcitynyc.org/bill-de-blasio-role-model/,Wendell Jamieson,unreviewed,,DOHMH; MTA; HUD,,,,,,
even-mamdanis-new-york-needs-millionaires,2025-10-17T12:00:00,Even Mamdani’s New York Needs Millionaires,https://www.vitalcitynyc.org/even-mamdanis-new-york-needs-millionaires/,Ana Champeny,unreviewed,,,,,,,,
john-lindsay-zohran-mamdani-and-how-ambitions-collide-with-reality,2025-10-17T13:01:00,"John Lindsay, Zohran Mamdani and How Ambitions Collide with Reality",https://www.vitalcitynyc.org/john-lindsay-zohran-mamdani-and-how-ambitions-collide-with-reality/,Vincent Cannato,unreviewed,,NYPD,,,,,,
zohran-mamdanis-real-world-constraints,2025-10-17T13:05:00,Zohran Mamdani’s Real-World Constraints,https://www.vitalcitynyc.org/zohran-mamdanis-real-world-constraints/,Carl Weisbrod,unreviewed,,MTA; City Council; EDC; State Legislature; NYPD; DOE; Mayor's Office; Congress,,,,,,
can-cities-withstand-trumps-assault,2025-10-17T16:00:00,Can Cities Withstand Trump’s Assault?,https://www.vitalcitynyc.org/can-cities-withstand-trumps-assault/,Richard McGahey,unreviewed,,State Legislature; White House; Comptroller; OMB,,,,,,
zohran-mamdanis-year-one-a-time-for-testing,2025-10-17T16:02:00,Zohran Mamdani’s Year One: A Time for Testing,https://www.vitalcitynyc.org/zohran-mamdanis-year-one-a-time-for-testing/,Bradley Tusk,unreviewed,,State Legislature; NYPD; NYCHA; Comptroller; MTA; Congress; Supreme Court,,,,,,
the-one-debate-answer-that-spoke-volumes-about-zohran-mamdani,2025-10-17T17:11:15,The One Debate Answer that Spoke Volumes about Zohran Mamdani,https://www.vitalcitynyc.org/the-one-debate-answer-that-spoke-volumes-about-zohran-mamdani/,Harry Siegel,unreviewed,,Supreme Court,,,,,,
why-isnt-education-at-the-center-of-the-new-york-city-mayoral-race,2025-10-22T14:57:03,Why Isn’t Education at the Center of the New York City Mayoral Race?,https://www.vitalcitynyc.org/why-isnt-education-at-the-center-of-the-new-york-city-mayoral-race/,David Banks,unreviewed,,,,,,,,
universal-child-care-could-be-a-seismic-shift-for-new-yorks-children,2025-10-23T14:58:42,"Done Right, Universal Child Care Would Be a Seismic Shift for New York’s Children",https://www.vitalcitynyc.org/universal-child-care-could-be-a-seismic-shift-for-new-yorks-children/,Shael Polakow-Suransky,unreviewed,,Mayor's Office,,,,,,
how-zohran-mamdani-can-get-out-of-the-gifted-and-talented-trap,2025-10-24T13:20:02,How Zohran Mamdani Can Get Out of the ‘Gifted & Talented’ Trap,https://www.vitalcitynyc.org/how-zohran-mamdani-can-get-out-of-the-gifted-and-talented-trap/,Jonathan Plucker,unreviewed,,,,,,,,
two-mayoral-debates-are-not-nearly-enough,2025-10-28T16:08:20,Two Mayoral Debates: Not Nearly Enough,https://www.vitalcitynyc.org/two-mayoral-debates-are-not-nearly-enough/,Errol Louis,unreviewed,,,,,,,,
flip-the-script-and-the-ballot-for-housing,2025-10-28T16:09:44,"Flip the Script, and the Ballot, for Housing",https://www.vitalcitynyc.org/flip-the-script-and-the-ballot-for-housing/,Howard Slatkin,unreviewed,,City Council,,,,,,
move-local-elections-to-even-years,2025-10-28T19:29:23,A True Mandate for New York City,https://www.vitalcitynyc.org/move-local-elections-to-even-years/,Laura Tamman,unreviewed,,City Council; State Legislature,,,,,,
new-yorks-next-mayor-must-put-heads-together,2025-10-29T17:04:45,New York’s Next Mayor Must Put Heads Together,https://www.vitalcitynyc.org/new-yorks-next-mayor-must-put-heads-together/,Georgia Levenson Keohane,unreviewed,,NYCHA; EDC; MTA; White House,,,,,,
what-came-after-1975-new-york-fiscal-crisis,2025-10-29T17:05:18,What Came After ‘Drop Dead’,https://www.vitalcitynyc.org/what-came-after-1975-new-york-fiscal-crisis/,David R. Eichenthal,unreviewed,,Congress,,,,,,
mamdani-mailer-and-breslin-bringing-fun-to-new-york-city,2025-10-29T18:34:46,"Bringing the Fun Back to Fun City: Mamdani, Mailer and Breslin",https://www.vitalcitynyc.org/mamdani-mailer-and-breslin-bringing-fun-to-new-york-city/,Gabriel S. Tennen,unreviewed,,NYPD; City Council; Comptroller,,,,,,
reality-check-how-safe-are-manhattan-and-brooklyn,2025-10-31T18:28:15,Reality Check: How Safe are Manhattan (and Brooklyn)?,https://www.vitalcitynyc.org/reality-check-how-safe-are-manhattan-and-brooklyn/,No byline,unreviewed,,District Attorney; Five Borough DAs; State Legislature; FBI,,,,,,
how-about-energy-affordability-for-new-york-city,2025-11-06T15:08:46,How About Energy Affordability?,https://www.vitalcitynyc.org/how-about-energy-affordability-for-new-york-city/,Satyam Khanna,unreviewed,,White House,,,,,,
putting-tech-to-work-for-all-new-yorkers,2025-11-06T15:08:46,Putting Tech To Work for All New Yorkers,https://www.vitalcitynyc.org/putting-tech-to-work-for-all-new-yorkers/,Anthony Townsend,unreviewed,,MTA; Mayor's Office; DOC; DOT; EDC; City Council,,,,,,
mamdanis-charter-school-dilemma,2025-11-06T15:08:46,Mamdani’s Charter School Dilemma,https://www.vitalcitynyc.org/mamdanis-charter-school-dilemma/,Joseph P. Viteritti,unreviewed,,Congress; NYPD; ICE,,,,,,
a-housing-roadmap-for-new-yorks-next-mayor,2025-11-06T15:08:46,A Housing Roadmap for New York’s Next Mayor,https://www.vitalcitynyc.org/a-housing-roadmap-for-new-yorks-next-mayor/,Alex Armlovich,unreviewed,,MTA; NYCHA; State Legislature; Mayor's Office; HPD; DCP; City Council; Supreme Court,,,,,,
why-mamdani-should-embrace-mayoral-control-of-schools,2025-11-06T15:08:46,Why Mayor-Elect Mamdani Should Embrace Mayoral Control of Our Schools,https://www.vitalcitynyc.org/why-mamdani-should-embrace-mayoral-control-of-schools/,Richard Buery Jr.,unreviewed,,Mayor's Office; DYCD; DOE; DOHMH; FDNY; DOB; DHS; ACS; DDC; State Legislature,,,,,,
new-york-city-deputy-mayors-on-how-things-really-get-done,2025-11-06T15:08:46,How Things Really Get Done,https://www.vitalcitynyc.org/new-york-city-deputy-mayors-on-how-things-really-get-done/,No byline,unreviewed,,State Legislature; OMB; White House,,,,,,
zohran-mamdani-michelle-wu-and-brandon-johnson,2025-11-06T15:08:46,Which Way Mamdani?,https://www.vitalcitynyc.org/zohran-mamdani-michelle-wu-and-brandon-johnson/,Ben Krauss,unreviewed,,City Council; NYPD; State Legislature; White House,,,,,,
the-devil-is-in-the-details-of-911-dispatch,2025-11-06T15:08:46,The Devil Is in the Details (of 911 Dispatch),https://www.vitalcitynyc.org/the-devil-is-in-the-details-of-911-dispatch/,Jessica Gillooly,unreviewed,,Comptroller; Public Advocate; DOJ,,,,,,
tough-budget-choices-ahead-for-zohran-mamdani,2025-11-06T15:08:46,Tough Budget Choices Ahead,https://www.vitalcitynyc.org/tough-budget-choices-ahead-for-zohran-mamdani/,Carol Kellermann,unreviewed,,DOE; NYCHA; NYPD; DOC; City Council; State Legislature; Congress,,,,,,
no-city-for-old-monuments,2025-11-06T15:08:46,No City for Old Monuments?,https://www.vitalcitynyc.org/no-city-for-old-monuments/,Michele Bogart,unreviewed,,DPR; White House,,,,,,
a-new-era-in-new-york-city-political-history,2025-11-06T15:08:46,A New Era in New York City Political History?,https://www.vitalcitynyc.org/a-new-era-in-new-york-city-political-history/,Mason B. Williams,unreviewed,,NYPD; State Legislature,,,,,,
how-modern-new-york-city-mayors-meet-the-moment,2025-11-07T17:15:46,How Modern Mayors Meet the Moment,https://www.vitalcitynyc.org/how-modern-new-york-city-mayors-meet-the-moment/,Sam Roberts,unreviewed,,Comptroller,,,,,,
mamdanis-victory-and-memories-of-dinkins,2025-11-07T21:53:56,"Mamdani’s Victory, and Memories of Dinkins’",https://www.vitalcitynyc.org/mamdanis-victory-and-memories-of-dinkins/,Basil Smikle Jr.,unreviewed,,State Legislature,,,,,,
new-yorks-mamdani-ny-civil-service-system,2025-11-11T14:44:47,New York’s Civil Service System vs. Public Sector Progress,https://www.vitalcitynyc.org/new-yorks-mamdani-ny-civil-service-system/,Robert Gordon,unreviewed,,State Legislature; DCAS; Comptroller,,,,,,
tax-revenue-is-destiny,2025-11-13T14:01:01,Tax Revenue is Destiny,https://www.vitalcitynyc.org/tax-revenue-is-destiny/,Paul Francis,unreviewed,,Comptroller; State Legislature; Mayor's Office; OMB; City Council; Governor,,,,,,
how-should-nonprofits-and-foundations-respond-to-trump,2025-11-18T17:48:22,Trump vs. Civil Society,https://www.vitalcitynyc.org/how-should-nonprofits-and-foundations-respond-to-trump/,Greg Berman,unreviewed,,White House,,,,,,
filling-in-the-blanks-on-zohran-mamdanis-education-agenda,2025-11-19T15:03:43,Filling in the Blanks on Mamdani’s Education Agenda,https://www.vitalcitynyc.org/filling-in-the-blanks-on-zohran-mamdanis-education-agenda/,Pedro Noguera,unreviewed,,DOE; NYCHA; Mayor's Office; White House,,,,,,
kathy-hochul-nese-pipeline-empire-wind,2025-11-19T21:44:43,A Pipeline to Somewhere,https://www.vitalcitynyc.org/kathy-hochul-nese-pipeline-empire-wind/,Charles Komanoff,unreviewed,,White House,,,,,,
mamdani-department-of-community-safety-where-theory-meets-practice,2025-11-20T16:43:11,A Department of Community Safety: Theory Meets Practice,https://www.vitalcitynyc.org/mamdani-department-of-community-safety-where-theory-meets-practice/,Gloria Gong,unreviewed,,FDNY; MTA,,,,,,
department-of-community-safety-and-universal-childcare-albequerque-new-york,2025-11-24T18:35:50,New Mexico: Surprising Proving Ground for Two Big Mamdani Ideas?,https://www.vitalcitynyc.org/department-of-community-safety-and-universal-childcare-albequerque-new-york/,Ted Alcorn,unreviewed,,NYPD,,,,,,
what-mamdani-gets-wrong-about-severe-mental-illness-and-crisis-response,2025-11-24T20:59:52,What Mamdani Gets Wrong About Severe Mental Illness & Crisis Response,https://www.vitalcitynyc.org/what-mamdani-gets-wrong-about-severe-mental-illness-and-crisis-response/,Brian Stettin,unreviewed,,DHS; DOHMH; Mayor's Office; NYPD; MTA; FDNY; Governor; State Legislature,,,,,,
how-new-york-city-got-to-the-brink-of-hosting-vegas-style-casinos,2025-11-25T15:51:36,Rolling the Dice? How New York City Came to Approve Three Vegas-Style Casinos,https://www.vitalcitynyc.org/how-new-york-city-got-to-the-brink-of-hosting-vegas-style-casinos/,Aaron Short,unreviewed,,State Legislature; City Council; Mayor's Office; Congress; NYS DEC,,,,,,
the-urban-optimist-holiday-gift-guide,2025-12-02T20:21:17,The Urban Optimist’s Holiday Gift Guide,https://www.vitalcitynyc.org/the-urban-optimist-holiday-gift-guide/,No byline,unreviewed,,NYPD; DSNY; MTA,,,,,,
taking-mamdanis-revolution-to-the-streets,2025-12-04T14:07:59,Taking Mamdani’s Revolution to the Streets,https://www.vitalcitynyc.org/taking-mamdanis-revolution-to-the-streets/,Benjamin Schneider,unreviewed,,MTA,,,,,,
a-safer-cheaper-quicker-way-of-daylighting-intersections,2025-12-05T15:30:31,"Daylight Savings: A Safer, Cheaper and Quicker Way to Design Intersections",https://www.vitalcitynyc.org/a-safer-cheaper-quicker-way-of-daylighting-intersections/,No byline,unreviewed,,DOT; City Council,,,,,,
new-york-needs-a-smarter-way-to-control-rents,2025-12-05T19:00:00,New York City Needs a Smarter Way to Control Rents,https://www.vitalcitynyc.org/new-york-needs-a-smarter-way-to-control-rents/,Eddie Palka,unreviewed,,Comptroller; State Legislature,,,,,,
the-rikers-receivership-risk-and-opportunity,2025-12-09T15:29:22,The Rikers Receivership Risk — and Opportunity,https://www.vitalcitynyc.org/the-rikers-receivership-risk-and-opportunity/,Vincent Schiraldi,unreviewed,,Mayor's Office; NYPD; DOC; DOJ,,,,,,
how-mamdani-can-delivery-free-buses-and-subways-too,2025-12-09T15:29:29,"How Mamdani Can Deliver Free Buses — and Subways, Too",https://www.vitalcitynyc.org/how-mamdani-can-delivery-free-buses-and-subways-too/,Howard Yaruss,unreviewed,,MTA; NYPD; Mayor's Office; State Legislature,,,,,,
why-the-future-of-ai-should-be-shaped-in-new-york-city,2025-12-09T17:30:32,A New Manhattan Project,https://www.vitalcitynyc.org/why-the-future-of-ai-should-be-shaped-in-new-york-city/,Vishaan Chakrabarti,unreviewed,,Mayor's Office,,,,,,
youth-crime-in-new-york-after-raise-the-age,2025-12-09T21:01:35,Reality Check: Has Youth Crime in New York Risen After Raise the Age?,https://www.vitalcitynyc.org/youth-crime-in-new-york-after-raise-the-age/,No byline,unreviewed,,Mayor's Office; Supreme Court; NYPD,,,,,,
nstat-should-be-key-to-mamdani-public-safety-plan,2025-12-10T17:59:53,What Mamdani Can Learn from a de Blasio Administration Safety Innovation,https://www.vitalcitynyc.org/nstat-should-be-key-to-mamdani-public-safety-plan/,Renita Francois,unreviewed,,NYCHA; DYCD; NYPD; Mayor's Office; CCRB,,,,,,
case-studies-from-large-cities-people-in-crisis-on-streets-and-subways,2025-12-16T10:00:00,Case Studies from Other Large Cities,https://www.vitalcitynyc.org/case-studies-from-large-cities-people-in-crisis-on-streets-and-subways/,No byline,unreviewed,,,,,,,,
how-the-system-works-for-people-in-crisis-on-streets-and-subways,2025-12-16T11:00:04,How the System Works (or Doesn’t),https://www.vitalcitynyc.org/how-the-system-works-for-people-in-crisis-on-streets-and-subways/,No byline,unreviewed,,DHS; NYPD; DOHMH; HUD; FDNY; DYCD; MTA; HPD; City Council; Mayor's Office; Comptroller; District Attorney,,,,,,
what-the-data-show-people-in-crisis-on-the-streets-and-subways,2025-12-16T11:00:04,What the Data Show,https://www.vitalcitynyc.org/what-the-data-show-people-in-crisis-on-the-streets-and-subways/,No byline,unreviewed,,NYPD; DHS; HUD,,,,,,
what-the-data-show-about-subway-safety,2025-12-16T11:00:04,Subway Safety: What the Data Show,https://www.vitalcitynyc.org/what-the-data-show-about-subway-safety/,Aaron Chalfin,unreviewed,,NYPD,,,,,,
what-to-do-about-subway-safety-nyc-policy-recommendations,2025-12-17T06:30:00,What To Do (and Not To Do) About Subway Safety,https://www.vitalcitynyc.org/what-to-do-about-subway-safety-nyc-policy-recommendations/,No byline,unreviewed,,MTA; NYPD; DOHMH; DOC; DHS; District Attorney; OMB; HHS,,,,,,
what-to-do-about-people-in-crisis-on-streets-and-subways,2025-12-17T11:00:00,What To Do (and Not To Do) About People in Crisis on Streets and Subways,https://www.vitalcitynyc.org/what-to-do-about-people-in-crisis-on-streets-and-subways/,No byline,unreviewed,,DHS; NYPD; DOHMH; Mayor's Office; MTA; City Council; Comptroller; HHS; DOC; HPD; FDNY; DPR; District Attorney; OMB,,,,,,
job-creation-and-upward-mobility-for-affordability-mamdani,2025-12-17T15:57:46,The Other Side of Affordability,https://www.vitalcitynyc.org/job-creation-and-upward-mobility-for-affordability-mamdani/,Eli Dvorkin,unreviewed,,City Council,,,,,,
the-future-of-renewable-rikers,2025-12-17T16:53:12,What is the Future of ‘Renewable Rikers’ Island?,https://www.vitalcitynyc.org/the-future-of-renewable-rikers/,Eric A. Goldstein,unreviewed,,DEP; DOC; City Council; Mayor's Office; NY Court of Appeals,,,,,,
government-improvements-mamdani-can-tackle-in-the-first-100-days,2025-12-18T16:00:47,Just Fix It: 11 Governance Improvements The Mamdani Administration Can Tackle in the First 100 Days,https://www.vitalcitynyc.org/government-improvements-mamdani-can-tackle-in-the-first-100-days/,No byline,unreviewed,,OMB; NYPD; Comptroller; MTA; DCAS; DOT; DSNY; DOB; City Council; Mayor's Office,,,,,,
system-coordination-in-crisis-response-to-high-acuity-homelessness,2025-12-18T21:03:32,From Crisis Response to System Coordination,https://www.vitalcitynyc.org/system-coordination-in-crisis-response-to-high-acuity-homelessness/,Molly Wasow Park,unreviewed,,DSS,,,,,,
2025-a-look-back-most-read,2025-12-29T17:08:36,2025: A Look Back,https://www.vitalcitynyc.org/2025-a-look-back-most-read/,No byline,unreviewed,,NYPD; White House; Mayor's Office,,,,,,
remembering-michael-ray-richardson,2025-12-30T16:01:20,"Remembering a Talented, Troubled Knick",https://www.vitalcitynyc.org/remembering-michael-ray-richardson/,Jamie Rubin,unreviewed,,,,,,,,
one-year-into-congestion-pricing-in-new-york-city,2026-01-02T19:32:41,"Congestion Pricing, One Year In: A Qualified Success",https://www.vitalcitynyc.org/one-year-into-congestion-pricing-in-new-york-city/,Charles Komanoff,unreviewed,,MTA; White House,,,,,,
zohran-mamdani-trump-maduro-nyc,2026-01-06T20:13:35,"Mamdani, Like Mayors Before Him, Can Have a Foreign Policy",https://www.vitalcitynyc.org/zohran-mamdani-trump-maduro-nyc/,Chris McNickle,unreviewed,,Mayor's Office; White House,,,,,,
revealing-hidden-signals-in-city-hotline-data,2026-01-07T15:06:53,Revealing Hidden Signals in City Hotline Data,https://www.vitalcitynyc.org/revealing-hidden-signals-in-city-hotline-data/,Lisa Chamberlain,unreviewed,,NYCHA; Mayor's Office; NYPD; City Council,,,,,,
mamdani-housing-affordability-new-york,2026-01-07T17:02:38,Mamdani’s Affordability Dilemma: The Challenge of Making New York City Housing Less Expensive,https://www.vitalcitynyc.org/mamdani-housing-affordability-new-york/,Vicki Been,unreviewed,,NYCHA; State Legislature; White House,,,,,,
nyc-grocery-cost-explained,2026-01-14T00:00:00,The Real Reasons New Yorkers’ Groceries Cost So Much,https://www.vitalcitynyc.org/nyc-grocery-cost-explained/,Stephen Smith,unreviewed,,City Council; Mayor's Office; NYCHA; DCP; FDNY; DOB; State Legislature; State AG,,,,,,
just-fix-it-after-hours,2026-01-14T13:07:00,Mamdani as Mr. Fix-It,https://www.vitalcitynyc.org/just-fix-it-after-hours/,Jamie Rubin,unreviewed,,,,,,,,
mamdani-universal-childcare-policy-questions,2026-01-14T13:09:00,"Small Children, Big Looming Policy Questions",https://www.vitalcitynyc.org/mamdani-universal-childcare-policy-questions/,Elliot Haspel,unreviewed,,DOE; State Legislature; White House,,,,,,
children-domestic-violence-acs-family-court,2026-01-16T17:01:02,Supporting Children Who Experience Violence at Home,https://www.vitalcitynyc.org/children-domestic-violence-acs-family-court/,Liberty Aldrich,unreviewed,,ACS; State Legislature; NY Court of Appeals,,,,,,
mamdani-local-law-97-enforcement-pollution,2026-01-21T18:23:48,A Crucial Tool in the Fight Against Pollution,https://www.vitalcitynyc.org/mamdani-local-law-97-enforcement-pollution/,Pete Sikora,unreviewed,,NYCHA; DOB; City Council; Mayor's Office,,,,,,
underground-gun-markets-urban-violence,2026-01-21T19:56:32,How Criminals Get Their Guns,https://www.vitalcitynyc.org/underground-gun-markets-urban-violence/,Anthony A. Braga,unreviewed,,ATF; White House,,,,,,
trump-sanctuary-cities-funding,2026-01-22T14:23:51,Trump’s Unconstitutional Coercion,https://www.vitalcitynyc.org/trump-sanctuary-cities-funding/,Erwin Chemerinsky,unreviewed,,ICE; Congress; White House; Supreme Court; NY Court of Appeals; State AG; DOJ,,,,,,
minnesota-ice-alex-pretti-policing,2026-01-27T14:42:15,What ICE’s Recklessness Teaches Us About Real Policing,https://www.vitalcitynyc.org/minnesota-ice-alex-pretti-policing/,Brandon del Pozo,unreviewed,,ICE; NYPD,,,,,,
questions-answers-trump-noem-dhs-ice,2026-01-27T15:31:44,How Off the Rails Is ICE? A Q&A With Former DHS Secretary Jeh Johnson,https://www.vitalcitynyc.org/questions-answers-trump-noem-dhs-ice/,No byline,unreviewed,,ICE; DHS; NYPD; FBI; White House; DOJ; DEA; City Council; Mayor's Office; Five Borough DAs,,,,,,
mamdani-parks-public-spaces-nyc,2026-01-28T18:00:03,Urban Design as Social Infrastructure,https://www.vitalcitynyc.org/mamdani-parks-public-spaces-nyc/,Julia D. Day,unreviewed,,Mayor's Office; DCP; DOT; DPR,,,,,,
waymo-robotaxi-autonomous-driving-nyc,2026-01-28T18:00:12,"Tokyo and London are Test-Driving Waymo. New York, Take Notes.",https://www.vitalcitynyc.org/waymo-robotaxi-autonomous-driving-nyc/,Sarah M. Kaufman,unreviewed,,DOT; TLC; Mayor's Office,,,,,,
free-observation-decks-new-york,2026-01-28T18:13:28,Observation Decks for All New Yorkers,https://www.vitalcitynyc.org/free-observation-decks-new-york/,Moses Gates,unreviewed,,Mayor's Office,,,,,,
renita-francois-interview-neighborhood-safety,2026-01-28T19:46:43,Reducing Crime by Improving Neighborhoods,https://www.vitalcitynyc.org/renita-francois-interview-neighborhood-safety/,Jamie Rubin,unreviewed,,Mayor's Office,,,,,,
zohran-mamdani-technology-innovation-new-york,2026-01-29T17:00:00,Technology Transformation Will Make or Break Progressive Governance,https://www.vitalcitynyc.org/zohran-mamdani-technology-innovation-new-york/,Paul Salama,unreviewed,,Mayor's Office; NYPD; DCAS; OMB,,,,,,
unhoused-new-yorkers-randy-santos-mamdani,2026-02-03T16:40:26,Continue Encampment Sweeps — But Do Them Right,https://www.vitalcitynyc.org/unhoused-new-yorkers-randy-santos-mamdani/,Jody Rudin,unreviewed,,DHS; Mayor's Office,,,,,,
eric-adams-zohran-mamdani-nyc-budget,2026-02-03T16:40:38,Evaluating Mamdani’s Diagnosis of New York City’s Budget Deficit,https://www.vitalcitynyc.org/eric-adams-zohran-mamdani-nyc-budget/,Paul Francis,unreviewed,,Comptroller; City Council; Mayor's Office,,,,,,
juvenile-justice-close-to-home-nyc-results,2026-02-04T16:30:02,Where Juvenile Justice Goes From Here,https://www.vitalcitynyc.org/juvenile-justice-close-to-home-nyc-results/,Vincent Schiraldi,unreviewed,,ACS; City Council; Mayor's Office; DOE; Governor; State Legislature; DOJ,,,,,,
hochul-nuclear-energy-climate-new-york,2026-02-04T20:08:14,Hochul’s Going Nuclear. Environmentalists Should Cheer Her On.,https://www.vitalcitynyc.org/hochul-nuclear-energy-climate-new-york/,Charles Komanoff,unreviewed,,White House,,,,,,
explained-what-is-involuntary-removal-outdoor-deaths-nyc,2026-02-05T20:31:06,Too Cold for New York City’s Streets,https://www.vitalcitynyc.org/explained-what-is-involuntary-removal-outdoor-deaths-nyc/,No byline,unreviewed,,NYPD; DHS; Mayor's Office,,,,,,
nyc-department-of-investigation-mamdani,2026-02-10T16:37:00,An Underutilized Tool in the Fight for Good Government,https://www.vitalcitynyc.org/nyc-department-of-investigation-mamdani/,David R. Eichenthal,unreviewed,,DOI; City Council; Congress; White House; DOC; NYCHA; Mayor's Office; Comptroller; DOJ; FBI,,,,,,
mass-engagement-mamdani-nyc,2026-02-10T18:12:45,"Mayor Mamdani, Here’s What Mass Engagement Looks Like in Practice",https://www.vitalcitynyc.org/mass-engagement-mamdani-nyc/,Darshana Narayanan,unreviewed,,City Council,,,,,,
gloria-gong-interview,2026-02-12T14:36:01,Governments That Get Results,https://www.vitalcitynyc.org/gloria-gong-interview/,Jamie Rubin,unreviewed,,NYCHA; White House; Mayor's Office; DOJ,,,,,,
ice-impunity-police-law-enforcement-accountability,2026-02-19T17:00:54,The Invisible Thread That Connects Cases of Excessive Force and Low Clearance Rates,https://www.vitalcitynyc.org/ice-impunity-police-law-enforcement-accountability/,Marc A. Levin,unreviewed,,ICE,,,,,,
nypd-crime-strategy-questions-michael-lipetri,2026-02-19T17:00:54,The NYPD’s Crime-Reduction Strategy: Chief of Department Michael LiPetri in Conversation,https://www.vitalcitynyc.org/nypd-crime-strategy-questions-michael-lipetri/,No byline,unreviewed,,NYPD,,,,,,
biggest-crime-justice-stories-america-2025,2026-02-19T17:00:54,The Top Five Crime and Justice Stories of 2025,https://www.vitalcitynyc.org/biggest-crime-justice-stories-america-2025/,Adam Gelb,unreviewed,,DOJ; White House; NYS DEC; ICE; HHS; FBI,,,,,,
nypd-gang-database-shooting-reduction,2026-02-19T17:00:54,Gang Databases Are Crucial to Shooting Reduction Efforts,https://www.vitalcitynyc.org/nypd-gang-database-shooting-reduction/,Anthony A. Braga,unreviewed,,NYPD; Public Advocate,,,,,,
how-to-deploy-ai-policing-nyc-nypd,2026-02-19T17:00:54,How To Deploy AI To Improve Policing in New York,https://www.vitalcitynyc.org/how-to-deploy-ai-policing-nyc-nypd/,Alex Chohlas-Wood,unreviewed,,NYPD; ICE; MTA; FBI,,,,,,
new-york-city-gun-violence-down-major-crime-high,2026-02-19T17:00:54,New York City’s Crime Puzzle,https://www.vitalcitynyc.org/new-york-city-gun-violence-down-major-crime-high/,Marcos F. Soler,unreviewed,,DCJS; Mayor's Office; FBI; NYPD,,,,,,
how-prevention-reduced-crime-suggestions-analysis,2026-02-19T17:00:54,How Prevention Reduced Crime and How To Get More of It,https://www.vitalcitynyc.org/how-prevention-reduced-crime-suggestions-analysis/,John K. Roman,unreviewed,,FBI,,,,,,
compstat-safestat-public-safety-nyc-mamdani,2026-02-19T17:00:54,"CompStat, Meet SafeStat",https://www.vitalcitynyc.org/compstat-safestat-public-safety-nyc-mamdani/,Gloria Gong,unreviewed,,NYPD; Mayor's Office,,,,,,
mamdani-public-safety-strategy-nyc,2026-02-19T17:00:54,Does Mayor Mamdani Have a Public Safety Strategy?,https://www.vitalcitynyc.org/mamdani-public-safety-strategy-nyc/,Elizabeth Glazer,unreviewed,,NYPD; Mayor's Office; ICE,,,,,,
crime-in-new-york-city-trends-statistics,2026-02-19T17:00:54,The State of Crime in New York City: 2025 and Beyond,https://www.vitalcitynyc.org/crime-in-new-york-city-trends-statistics/,No byline,unreviewed,,ICE; NYPD; CCRB,,,,,,
crime-reduction-trends-immigration-enforcement,2026-02-19T17:00:54,"Historic Declines, Contested Borders",https://www.vitalcitynyc.org/crime-reduction-trends-immigration-enforcement/,Aaron Chalfin,unreviewed,,ICE; NYPD; Mayor's Office; Congress; White House; Supreme Court,,,,,,
jennifer-doleac-book-review,2026-02-23T14:58:36,Evidence Over Intuition,https://www.vitalcitynyc.org/jennifer-doleac-book-review/,Greg Berman,unreviewed,,,,,,,,
how-birth-cohort-affects-criminal-outcomes-robert-sampson,2026-02-25T15:15:00,Criminal Risk Assessment and the Character Trap,https://www.vitalcitynyc.org/how-birth-cohort-affects-criminal-outcomes-robert-sampson/,Robert J. Sampson,unreviewed,,Congress; White House,,,,,,
mamdani-snow-emergency-response,2026-02-25T15:25:00,A New Mayor’s Trial By Snow,https://www.vitalcitynyc.org/mamdani-snow-emergency-response/,John Surico,unreviewed,,State Legislature,,,,,,
mamdani-nypd-snowball-fight-police-arrest,2026-02-28T15:20:00,"Of Molehills, Mountains and Snowballs",https://www.vitalcitynyc.org/mamdani-nypd-snowball-fight-police-arrest/,Brandon del Pozo,unreviewed,,NYPD; ICE; DPR,,,,,,
nyc-trash-removal-cost-mamdani,2026-03-02T20:36:14,The Hidden Cost of Trash,https://www.vitalcitynyc.org/nyc-trash-removal-cost-mamdani/,Stephen Smith,unreviewed,,DSNY; Mayor's Office,,,,,,
snow-complaints-staten-island-nyc,2026-03-02T20:44:58,For Whom the Plows Come,https://www.vitalcitynyc.org/snow-complaints-staten-island-nyc/,Khaled Eltokhy,unreviewed,,DSNY; HPD; ICE; DPR,,,,,,
what-can-mamdani-do-nyc-budget,2026-03-03T21:54:51,Abundance On a Budget,https://www.vitalcitynyc.org/what-can-mamdani-do-nyc-budget/,Robert Joyce,unreviewed,,State Legislature; MTA; White House; EDC,,,,,,
real-crime-numbers-nyc-nypd,2026-03-04T18:29:43,Reality Check: Why Do New York City’s Crime Numbers Change?,https://www.vitalcitynyc.org/real-crime-numbers-nyc-nypd/,John Hall,unreviewed,,NYPD; FBI,,,,,,
how-tokyo-built-clean-accessible-toilets-nyc-wants,2026-03-09T20:09:16,Tokyo’s Toilet Teachings,https://www.vitalcitynyc.org/how-tokyo-built-clean-accessible-toilets-nyc-wants/,Joe McReynolds,unreviewed,,MTA,,,,,,
nyc-public-bathrooms-mamdani-plan,2026-03-09T21:00:27,"Sewer Socialism, Meet Toilet Socialism",https://www.vitalcitynyc.org/nyc-public-bathrooms-mamdani-plan/,Sachi Takahashi-Rial,unreviewed,,MTA; ICE; DOB; City Council,,,,,,
erin-dalton-data-driven-social-services-nyc,2026-03-11T15:59:14,Can Erin Dalton Make Progress in Curbing Chronic Homelessness?,https://www.vitalcitynyc.org/erin-dalton-data-driven-social-services-nyc/,Caterina Roman,unreviewed,,DHS; DSS,,,,,,
molly-park-dss-exit-interview,2026-03-11T17:36:23,What Molly Park Knows About Homelessness and City Government,https://www.vitalcitynyc.org/molly-park-dss-exit-interview/,Jamie Rubin,unreviewed,,DSS; DHS; HRA; NYCHA; HPD; White House; DOE; ACS; City Council; HHS; Congress,,,,,,
stanley-richards-rikers-island-nyc-jails,2026-03-11T20:18:13,"Stanley Richards on the Past, Present and Future of Rikers Island",https://www.vitalcitynyc.org/stanley-richards-rikers-island-nyc-jails/,Elizabeth Glazer,unreviewed,,District Attorney,,,,,,
rental-ripoff-hearings-landlords-tenants-economics,2026-03-18T19:16:00,"Landlords: The ‘Good,’ the ‘Bad’ and the Ugly Financial Realities",https://www.vitalcitynyc.org/rental-ripoff-hearings-landlords-tenants-economics/,Howard Slatkin,unreviewed,,NYCHA; HPD,,,,,,
mamdani-rent-freeze-nyc-rent-guidelines-board-explained,2026-03-18T19:41:23,Can Mayor Mamdani Freeze the Rent? It’s Complicated,https://www.vitalcitynyc.org/mamdani-rent-freeze-nyc-rent-guidelines-board-explained/,Nestor Davidson,unreviewed,,City Council; Mayor's Office; State Legislature,,,,,,
how-seqra-slows-housing-development-new-york,2026-03-18T20:18:25,New York’s Worst Housing Production Impediment?,https://www.vitalcitynyc.org/how-seqra-slows-housing-development-new-york/,Sean Campion,unreviewed,,Governor; State Legislature; NYS DEC; Congress,,,,,,
dan-garodnick-housing-zoning-city-of-yes-interview,2026-03-18T20:56:53,Dan Garodnick on What Comes After Yes,https://www.vitalcitynyc.org/dan-garodnick-housing-zoning-city-of-yes-interview/,No byline,unreviewed,,City Council; DCP,,,,,,
london-low-traffic-neighborhoods-safety-urban-planning,2026-03-25T15:17:44,London’s Quest for Low-Traffic Neighborhoods,https://www.vitalcitynyc.org/london-low-traffic-neighborhoods-safety-urban-planning/,Cara Eckholm,unreviewed,,DOT,,,,,,
navigating-apartment-hunting-rising-rent-in-nyc,2026-03-25T19:00:16,It's a Jungle Out There,https://www.vitalcitynyc.org/navigating-apartment-hunting-rising-rent-in-nyc/,Paul Reeping,unreviewed,,Comptroller,,,,,,
whats-the-deal-with-seqra,2026-03-25T19:59:41,What’s the Deal with SEQRA?,https://www.vitalcitynyc.org/whats-the-deal-with-seqra/,Jamie Rubin,unreviewed,,Mayor's Office; HPD; Comptroller; State Legislature; Congress,,,,,,
new-york-rent-stabilization-law-supreme-court-clash,2026-03-31T19:53:17,"Rent Stabilization: What’s Constitutional, Anyway?",https://www.vitalcitynyc.org/new-york-rent-stabilization-law-supreme-court-clash/,David Schleicher,unreviewed,,Supreme Court; State Legislature; Mayor's Office; NY Court of Appeals,,,,,,
radiator-steam-heat-history-nyc,2026-04-01T14:26:37,"Why Your Pre-War Radiator Runs Hot, Clangs at 3 a.m. and is Painted Silver",https://www.vitalcitynyc.org/radiator-steam-heat-history-nyc/,Priya Varadachary,unreviewed,,,,,,,,
karen-shaer-in-memoriam,2026-04-02T20:40:00,Karen B. Shaer 1959-2026,https://www.vitalcitynyc.org/karen-shaer-in-memoriam/,Elizabeth Glazer,unreviewed,,Supreme Court,,,,,,
nyc-speed-cameras-road-safety-mamdani-policy,2026-04-07T17:15:42,A Road Safety Blueprint for the Mamdani Administration,https://www.vitalcitynyc.org/nyc-speed-cameras-road-safety-mamdani-policy/,Aaron Stagoff,unreviewed,,Mayor's Office; State Legislature; City Council; ICE; White House,,,,,,
robert-sampson-adam-gopnik-interview,2026-04-08T18:04:00,Does When We're Born Make Us Who We Are? A New Way of Thinking About Crime and Success in America,https://www.vitalcitynyc.org/robert-sampson-adam-gopnik-interview/,No byline,unreviewed,,,,,,,,
nyc-mark-levine-potential-fitch-moody-bond-downgrade,2026-04-08T20:23:54,NYC’s Fiscal Tightrope Act,https://www.vitalcitynyc.org/nyc-mark-levine-potential-fitch-moody-bond-downgrade/,Mark Levine,unreviewed,,State Legislature,,,,,,
mamdani-nyc-vendors-contractors-staff,2026-04-14T17:30:00,"Good Government, Beyond the Couch Cushions",https://www.vitalcitynyc.org/mamdani-nyc-vendors-contractors-staff/,Robert Gordon,unreviewed,,OMB; MTA; Mayor's Office; State Legislature; Comptroller,,,,,,
mamdani-first-100-days-scorecard-nyc,2026-04-14T17:40:40,Mamdani’s First 100 Days: A Scorecard,https://www.vitalcitynyc.org/mamdani-first-100-days-scorecard-nyc/,No byline,unreviewed,,DOT; OMB; DOB; City Council; Mayor's Office; MTA; NYPD; DOE; NYCHA; FDNY; State Legislature; White House,,,,,,
louisa-chafee-nyc-budget-interview,2026-04-15T15:18:12,When Push Comes to Budget,https://www.vitalcitynyc.org/louisa-chafee-nyc-budget-interview/,Jamie Rubin,unreviewed,,City Council,,,,,,
policing-alternative-response-cahoots,2026-04-16T13:01:00,Why It (Almost) Always Makes Sense to Send the Cops,https://www.vitalcitynyc.org/policing-alternative-response-cahoots/,Jerry Ratcliffe,unreviewed,,,,,,,,
nyc-homeless-encampments-spending-81k,2026-04-16T13:08:43,"Homeless Encampments, Expenditures and the Evidence We Keep Ignoring",https://www.vitalcitynyc.org/nyc-homeless-encampments-spending-81k/,Amie Pospisil,unreviewed,,DHS; Comptroller; DOHMH; DSNY; DPR,,,,,,
why-it-takes-four-new-housing-units-to-get-one-person-off-the-street,2026-04-16T13:26:51,Why It Takes Four New Housing Units to Get One Person Off the Street,https://www.vitalcitynyc.org/why-it-takes-four-new-housing-units-to-get-one-person-off-the-street/,Sherry Glied,unreviewed,,Comptroller,,,,,,
pedestrian-foot-tracking-nyc-map-model-mit,2026-04-16T14:16:05,"To Prioritize Pedestrians, We Need to Walk the Walk",https://www.vitalcitynyc.org/pedestrian-foot-tracking-nyc-map-model-mit/,Andres Sevtsuk,unreviewed,,DOT,,,,,,
mta-new-app-subway-omny,2026-04-22T13:49:03,How the MTA Built Its New App In-House,https://www.vitalcitynyc.org/mta-new-app-subway-omny/,Nicole Gelinas,unreviewed,,MTA; NYPD,,,,,,
japan-rail-system-lessons-mta-nj-transit,2026-04-22T14:22:15,Learn from Japan to Get New York City Commuter Rail on Track,https://www.vitalcitynyc.org/japan-rail-system-lessons-mta-nj-transit/,Jake Berman,unreviewed,,MTA; State Legislature; Governor,,,,,,
second-chance-hiring-insurance-employer-risk,2026-04-22T14:57:05,The Unlikely Tool That Could Transform Second-Chance Hiring,https://www.vitalcitynyc.org/second-chance-hiring-insurance-employer-risk/,Carson Whitelemons,unreviewed,,,,,,,,
new-yorkers-help-each-other-despite-stereotype,2026-04-22T16:25:27,New York's Nameless Knights,https://www.vitalcitynyc.org/new-yorkers-help-each-other-despite-stereotype/,Vishaan Chakrabarti,unreviewed,,,,,,,,
alex-armlovich-interview-rent-freeze,2026-04-22T16:37:55,The Cost of Freezing the Rent,https://www.vitalcitynyc.org/alex-armlovich-interview-rent-freeze/,Jamie Rubin,unreviewed,,,,,,,,
mamdani-mayoral-control-parents-community-schools,2026-04-24T15:20:50,Want More Parental Input While Keeping Mayoral Control? Look to Community Schools,https://www.vitalcitynyc.org/mamdani-mayoral-control-parents-community-schools/,Christopher Caruso,unreviewed,,State Legislature; Mayor's Office,,,,,,
mamdani-parents-nyc-schools,2026-04-24T15:41:38,How the Public Can Help Mamdani Guide New York City Schools,https://www.vitalcitynyc.org/mamdani-parents-nyc-schools/,David Bloomfield,unreviewed,,DOE; Public Advocate; State Legislature,,,,,,
nyc-declining-murders-politics,2026-04-29T13:51:09,"Local Politics, After Murder",https://www.vitalcitynyc.org/nyc-declining-murders-politics/,David Schleicher,unreviewed,,Mayor's Office,,,,,,
nyc-government-ai-accountability-discretion,2026-04-29T15:45:01,"Government AI, the Road to More Bureaucratic Discretion and Accountability",https://www.vitalcitynyc.org/nyc-government-ai-accountability-discretion/,Stephen Goldsmith,unreviewed,,,,,,,,
guadalajara-visor-urbano-permitting,2026-04-29T18:38:52,How Guadalajara Killed the Paper Permit,https://www.vitalcitynyc.org/guadalajara-visor-urbano-permitting/,Cara Eckholm,unreviewed,,DOB; FDNY,,,,,,
robert-sampson-adam-gopnik-interview-transcript,2026-04-30T18:10:05,Does When We’re Born Make Us Who We Are?,https://www.vitalcitynyc.org/robert-sampson-adam-gopnik-interview-transcript/,No byline,unreviewed,,,,,,,,
public-sector-unions-city-politics,2026-05-04T09:00:42,The Unions and the Cities,https://www.vitalcitynyc.org/public-sector-unions-city-politics/,Nicholas Bagley,unreviewed,,State Legislature,,,,,,
nyc-housing-permits-fast-track-construction-mamdani,2026-05-07T13:14:11,Just Fix It: 8 Policy Tweaks City Hall Can Make to Speed Up the Permitting Process,https://www.vitalcitynyc.org/nyc-housing-permits-fast-track-construction-mamdani/,No byline,unreviewed,,DOB; DOT; FDNY; DCP; DOE; DEP; City Council; State Legislature,,,,,,
waymo-nyc-robotaxi-future,2026-05-07T13:54:15,A Different Waymo Future Is Possible,https://www.vitalcitynyc.org/waymo-nyc-robotaxi-future/,Bryant Walker Smith,unreviewed,,Congress; MTA,,,,,,
voting-rights-act-nyc-supreme-court,2026-05-07T16:48:31,The Voting Rights Act in New York City,https://www.vitalcitynyc.org/voting-rights-act-nyc-supreme-court/,Tim Tompkins,unreviewed,,Supreme Court; DOJ; City Council,,,,,,
nyc-wooden-water-tanks-architecture-history,2026-05-12T18:30:34,New York’s Wooden Water Tanks: A Perfect Fusion of Form and Function,https://www.vitalcitynyc.org/nyc-wooden-water-tanks-architecture-history/,Thomas Mellins,unreviewed,,,,,,,,
mamdani-city-run-grocery-stores-small-businesses-nyc,2026-05-13T15:09:17,Mamdani’s Choice: Support Small Businesses or Open State-Backed Competition,https://www.vitalcitynyc.org/mamdani-city-run-grocery-stores-small-businesses-nyc/,Howard Yaruss,unreviewed,,,,,,,,
mamdani-hochul-nyc-budget-bailout,2026-05-14T14:51:32,Call It What It Is: A State Bailout of New York City,https://www.vitalcitynyc.org/mamdani-hochul-nyc-budget-bailout/,Paul Francis,unreviewed,,Mayor's Office; State Legislature; Comptroller,,,,,,
museum-art-repatriation-mamdani-nyc,2026-05-14T15:33:04,"A Diamond, a Mayor and a Citywide Lesson Plan",https://www.vitalcitynyc.org/museum-art-repatriation-mamdani-nyc/,Sayantani DasGupta,unreviewed,,Mayor's Office; ICE,,,,,,
joe-mcreynolds-interview-tokyo-zoning,2026-05-14T15:33:14,Lessons from Tokyo,https://www.vitalcitynyc.org/joe-mcreynolds-interview-tokyo-zoning/,Jamie Rubin,unreviewed,,MTA; Mayor's Office,,,,,,
